longitude,latitude,housing_age,total_rooms,total_bedrooms,population,families,average_income,ocean_proximity,house_value
-124.17,41.8,16,2739,480.0,1259,436,3.7557,NEAR OCEAN,109400
-124.3,41.8,19,2672,552.0,1298,478,1.9797,NEAR OCEAN,85800
-124.23,41.75,11,3159,616.0,1343,479,2.4805,NEAR OCEAN,73200
-124.21,41.77,17,3461,722.0,1947,647,2.5795,NEAR OCEAN,68400
-124.19,41.78,15,3140,714.0,1645,640,1.6654,NEAR OCEAN,74600
-124.22,41.73,28,3003,699.0,1530,653,1.7038,NEAR OCEAN,78300
-124.21,41.75,20,3810,787.0,1993,721,2.0074,NEAR OCEAN,66900
-124.17,41.76,20,2673,538.0,1282,514,2.4605,NEAR OCEAN,105900
-124.16,41.74,15,2715,569.0,1532,530,2.1829,NEAR OCEAN,69500
-124.14,41.95,21,2696,578.0,1208,494,2.275,NEAR OCEAN,122400
-124.16,41.92,19,1668,324.0,841,283,2.1336,NEAR OCEAN,75000
-124.3,41.84,17,2677,531.0,1244,456,3.0313,NEAR OCEAN,103600
-124.15,41.81,17,3276,628.0,3546,585,2.2868,NEAR OCEAN,103100
-123.92,41.54,22,2920,636.0,1382,499,2.0202,NEAR OCEAN,71100
-124.17,40.8,52,661,316.0,392,244,0.9570000000000001,NEAR OCEAN,60000
-124.16,40.8,52,2416,618.0,1150,571,1.7308,NEAR OCEAN,80500
-124.16,40.79,52,1264,277.0,591,284,1.7778,NEAR OCEAN,76900
-124.17,40.8,52,1606,419.0,891,367,1.585,NEAR OCEAN,75500
-124.17,40.8,52,1557,344.0,758,319,1.8529,NEAR OCEAN,62500
-124.16,40.79,52,2148,421.0,975,430,2.2566,NEAR OCEAN,92700
-124.16,40.78,50,2285,403.0,837,353,2.5417,NEAR OCEAN,85400
-124.17,40.78,39,1606,330.0,731,327,1.6369,NEAR OCEAN,68300
-124.19,40.78,37,1371,319.0,640,260,1.8242,NEAR OCEAN,70000
-124.18,40.79,39,1836,352.0,883,337,1.745,NEAR OCEAN,70500
-124.18,40.79,40,1398,311.0,788,279,1.4668,NEAR OCEAN,64600
-124.17,40.79,43,2285,479.0,1169,482,1.9688,NEAR OCEAN,70500
-124.16,40.78,43,2241,446.0,932,395,2.9038,NEAR OCEAN,82000
-124.16,40.77,35,2141,438.0,1053,434,2.8529,NEAR OCEAN,85600
-124.17,40.77,30,1895,366.0,990,359,2.2227,NEAR OCEAN,81300
-124.18,40.78,37,1453,293.0,867,310,2.5536,NEAR OCEAN,70200
-124.18,40.78,33,1076,222.0,656,236,2.5096,NEAR OCEAN,72200
-124.18,40.78,34,1592,364.0,950,317,2.1607,NEAR OCEAN,67000
-124.17,40.75,13,2171,339.0,951,353,4.8516,NEAR OCEAN,116100
-124.17,40.76,26,1776,361.0,992,380,2.8056,NEAR OCEAN,82800
-124.19,40.77,30,2975,634.0,1367,583,2.4419999999999997,NEAR OCEAN,69000
-124.15,40.81,50,340,74.0,235,83,1.75,NEAR OCEAN,67500
-124.14,40.8,32,1373,312.0,872,306,2.5,NEAR OCEAN,72600
-124.15,40.8,47,1486,335.0,765,329,1.755,NEAR OCEAN,74100
-124.16,40.8,52,2167,480.0,908,451,1.6111,NEAR OCEAN,74700
-124.16,40.8,52,1703,500.0,952,435,1.1386,NEAR OCEAN,74100
-124.14,40.79,38,1552,290.0,873,291,2.4896,NEAR OCEAN,81000
-124.15,40.78,41,2127,358.0,911,349,3.1711,NEAR OCEAN,104200
-124.16,40.78,46,1975,346.0,791,349,3.8,NEAR OCEAN,81800
-124.16,40.79,46,3042,597.0,1206,541,2.1135,NEAR OCEAN,90600
-124.15,40.79,37,2692,488.0,1263,486,3.0216,NEAR OCEAN,86400
-124.14,40.78,35,2426,423.0,982,432,3.4219,NEAR OCEAN,92800
-124.14,40.77,27,3046,605.0,1407,571,2.9143,NEAR OCEAN,99600
-124.15,40.76,24,2858,511.0,1388,512,3.375,NEAR OCEAN,100600
-124.15,40.78,36,2112,374.0,829,368,3.3984,NEAR OCEAN,90000
-124.11,40.81,23,959,212.0,425,175,2.5536,NEAR OCEAN,96100
-124.13,40.78,34,2142,420.0,1056,382,2.1101,NEAR OCEAN,86900
-124.13,40.8,31,2152,462.0,1259,420,2.2478,NEAR OCEAN,81100
-124.13,40.79,29,2474,453.0,1130,427,2.8833,NEAR OCEAN,83000
-124.13,40.79,32,2017,359.0,855,346,3.5833,NEAR OCEAN,92800
-124.06,40.86,34,4183,,1891,669,3.2216,NEAR OCEAN,98100
-124.05,40.85,31,2414,428.0,1005,401,3.5156,NEAR OCEAN,143000
-124.08,40.86,18,1287,484.0,805,502,1.1157,NEAR OCEAN,150000
-124.09,40.86,25,1322,387.0,794,379,1.1742,NEAR OCEAN,75000
-124.09,40.87,44,692,206.0,398,211,1.1576,NEAR OCEAN,87500
-124.07,40.87,47,1765,326.0,796,333,2.2138,NEAR OCEAN,99200
-124.08,40.87,29,1710,469.0,990,425,1.1479,NEAR OCEAN,101100
-124.09,40.88,50,921,187.0,420,187,2.2188,NEAR OCEAN,105800
-124.07,40.87,31,334,134.0,780,130,0.7684,NEAR OCEAN,153100
-124.15,40.88,33,2235,506.0,1165,441,1.725,NEAR OCEAN,57500
-124.1,40.88,35,2987,578.0,1581,585,2.0657,NEAR OCEAN,81100
-124.09,40.88,31,1982,495.0,1052,467,1.5326,NEAR OCEAN,74100
-124.09,40.88,26,2683,555.0,1353,526,2.4321,NEAR OCEAN,82100
-124.1,40.9,18,4032,798.0,1948,775,2.7321,NEAR OCEAN,92600
-124.23,40.81,52,1112,209.0,544,172,3.3462,NEAR OCEAN,50800
-124.06,40.88,12,2087,424.0,1603,438,2.5667,NEAR OCEAN,139500
-124.08,40.91,13,2522,719.0,1381,628,1.6667,NEAR OCEAN,78800
-124.08,41.36,29,1029,239.0,509,196,2.0156,NEAR OCEAN,62800
-124.06,41.13,22,3263,799.0,1384,578,2.4708,NEAR OCEAN,119400
-124.14,41.06,32,1020,215.0,421,198,3.0208,NEAR OCEAN,143400
-124.1,41.04,26,1633,380.0,890,370,1.9741,NEAR OCEAN,97900
-124.16,41.02,23,1672,385.0,1060,390,2.1726,NEAR OCEAN,75500
-124.08,40.99,18,3297,662.0,1554,578,2.6847,NEAR OCEAN,111300
-124.16,40.95,20,1075,214.0,529,196,3.1406,NEAR OCEAN,96000
-124.11,40.95,19,1734,365.0,866,342,2.96,NEAR OCEAN,81700
-124.09,40.95,18,2250,484.0,1248,472,2.5893,NEAR OCEAN,99600
-124.11,40.93,25,2392,474.0,1298,461,3.5076,NEAR OCEAN,73600
-124.11,40.93,17,1661,329.0,948,357,2.7639,NEAR OCEAN,90200
-124.08,40.94,18,1550,345.0,941,335,2.3147,NEAR OCEAN,70100
-124.09,40.92,12,2497,491.0,1153,462,2.8182,NEAR OCEAN,126900
-124.05,40.94,14,1452,217.0,516,181,5.0329,NEAR OCEAN,165600
-124.1,40.95,17,1485,345.0,823,316,1.8993,NEAR OCEAN,78400
-124.07,40.81,23,2103,411.0,1019,387,2.9911,NEAR OCEAN,119700
-124.1,40.73,33,644,129.0,334,121,3.9659,NEAR OCEAN,111800
-124.17,40.74,17,2026,338.0,873,313,4.0357,NEAR OCEAN,128900
-124.14,40.72,18,2581,499.0,1375,503,2.8446,NEAR OCEAN,100500
-124.14,40.67,23,580,117.0,320,109,4.2054,NEAR OCEAN,130600
-124.19,40.73,21,5694,1056.0,2907,972,3.5363,NEAR OCEAN,90100
-124.21,40.75,32,1218,331.0,620,268,1.6528,NEAR OCEAN,58100
-124.27,40.69,36,2349,528.0,1194,465,2.5179,NEAR OCEAN,79000
-124.18,40.62,35,952,178.0,480,179,3.0536,NEAR OCEAN,107000
-124.17,40.62,32,1595,309.0,706,277,2.8958,NEAR OCEAN,86400
-124.13,40.62,43,2131,399.0,910,389,2.5804,NEAR OCEAN,92100
-124.16,40.6,39,1322,283.0,642,292,2.4519,NEAR OCEAN,85100
-124.15,40.59,39,1186,238.0,539,212,2.0938,NEAR OCEAN,79600
-124.14,40.6,27,1148,206.0,521,219,4.025,NEAR OCEAN,128100
-124.14,40.59,22,1665,405.0,826,382,1.5625,NEAR OCEAN,66800
-124.14,40.59,17,2985,610.0,1544,584,2.178,NEAR OCEAN,76800
-124.26,40.58,52,2217,394.0,907,369,2.3571,NEAR OCEAN,111400
-124.23,40.54,52,2694,453.0,1152,435,3.0806,NEAR OCEAN,106700
-124.35,40.54,52,1820,300.0,806,270,3.0147,NEAR OCEAN,94600
-124.25,40.28,32,1430,419.0,434,187,1.9417,NEAR OCEAN,76100
-124.08,40.06,17,1319,267.0,393,163,2.625,NEAR OCEAN,135600
-118.25,33.79,32,1205,340.0,1799,370,2.375,NEAR OCEAN,128000
-118.24,33.8,28,636,169.0,788,143,3.6161,NEAR OCEAN,131300
-118.23,33.8,26,239,135.0,165,112,1.3333,NEAR OCEAN,187500
-118.26,33.78,27,1672,491.0,1723,462,2.0458,NEAR OCEAN,174500
-118.25,33.79,34,1349,371.0,1716,380,2.7143,NEAR OCEAN,138100
-118.25,33.79,38,1730,460.0,1724,424,2.7308,NEAR OCEAN,150400
-118.25,33.79,39,981,286.0,1183,298,1.9208,NEAR OCEAN,139800
-118.26,33.78,21,2188,706.0,2265,652,1.9923,NEAR OCEAN,164700
-118.26,33.78,35,1239,473.0,1524,387,2.0956,NEAR OCEAN,154700
-118.25,33.78,32,296,139.0,511,133,1.4444,NEAR OCEAN,182100
-118.24,33.78,24,574,173.0,784,162,2.25,NEAR OCEAN,152300
-118.26,33.78,36,2191,739.0,2931,692,2.1311,NEAR OCEAN,163100
-118.26,33.77,36,886,253.0,809,219,2.4545,NEAR OCEAN,164200
-118.27,33.77,26,2272,694.0,2567,595,1.9964,NEAR OCEAN,150600
-118.27,33.77,39,1731,485.0,2115,478,1.5369,NEAR OCEAN,141300
-118.27,33.76,46,22,11.0,32,7,3.125,NEAR OCEAN,112500
-118.28,33.75,41,1305,381.0,1384,369,2.45,NEAR OCEAN,186800
-118.28,33.75,18,393,189.0,429,188,1.8393,NEAR OCEAN,187500
-118.28,33.74,40,1751,512.0,1939,503,1.5394,NEAR OCEAN,200000
-118.29,33.75,27,1650,443.0,1359,386,2.5795,NEAR OCEAN,192400
-118.29,33.74,29,1503,411.0,1368,390,2.1473,NEAR OCEAN,195300
-118.21,33.83,38,793,193.0,601,187,2.8837,NEAR OCEAN,176100
-118.19,33.84,24,1228,320.0,537,273,2.25,NEAR OCEAN,192000
-118.19,33.85,30,3533,1061.0,2678,1033,2.2417,NEAR OCEAN,151900
-118.19,33.85,49,1073,260.0,725,272,3.8026,NEAR OCEAN,149700
-118.19,33.85,45,1167,302.0,773,287,3.2798,NEAR OCEAN,150300
-118.2,33.84,35,3405,779.0,1953,671,2.7813,NEAR OCEAN,159200
-118.2,33.82,43,1758,347.0,954,312,5.2606,NEAR OCEAN,198900
-118.19,33.82,11,872,203.0,422,221,4.6364,NEAR OCEAN,156300
-118.19,33.81,21,1835,427.0,1038,384,4.4559,NEAR OCEAN,198500
-118.2,33.81,43,3013,574.0,1525,529,4.95,NEAR OCEAN,194000
-118.2,33.82,34,2807,768.0,2217,744,2.4286,NEAR OCEAN,204800
-118.19,33.81,23,954,390.0,804,373,2.5833,NEAR OCEAN,181300
-118.21,33.82,34,1719,398.0,1444,372,2.8438,NEAR OCEAN,139300
-118.21,33.81,43,905,199.0,764,204,3.3214,NEAR OCEAN,162200
-118.21,33.81,40,1815,428.0,1807,413,3.0882,NEAR OCEAN,160700
-118.21,33.82,33,1278,311.0,1157,320,3.5054,NEAR OCEAN,146800
-118.22,33.82,30,1680,469.0,1779,429,3.6086,NEAR OCEAN,146300
-118.21,33.82,45,455,92.0,394,89,4.9562,NEAR OCEAN,165700
-118.21,33.82,43,1005,199.0,723,191,4.3424,NEAR OCEAN,162500
-118.22,33.82,17,5357,1332.0,3030,1266,1.9311,NEAR OCEAN,138100
-118.21,33.81,45,1693,337.0,1255,333,3.6923,NEAR OCEAN,159700
-118.21,33.81,45,1816,398.0,1524,388,3.8586,NEAR OCEAN,157900
-118.22,33.81,38,1486,359.0,1345,326,3.3988,NEAR OCEAN,147800
-118.22,33.81,41,726,166.0,602,183,3.7885,NEAR OCEAN,156900
-118.21,33.8,45,1160,274.0,1095,269,2.7308,NEAR OCEAN,139000
-118.21,33.8,41,1251,279.0,1053,278,3.2778,NEAR OCEAN,150800
-118.22,33.8,36,1285,347.0,1291,337,3.7708,NEAR OCEAN,157100
-118.22,33.8,33,1984,477.0,1764,440,3.875,NEAR OCEAN,165100
-118.22,33.79,28,3008,629.0,2537,596,2.3,NEAR OCEAN,137500
-118.21,33.79,39,1598,458.0,1691,399,2.3605,NEAR OCEAN,141800
-118.21,33.79,32,2020,613.0,2557,562,2.1397,NEAR OCEAN,145300
-118.21,33.8,44,1387,280.0,984,302,4.25,NEAR OCEAN,143100
-118.19,33.8,38,2010,595.0,1535,525,1.9848,NEAR OCEAN,160400
-118.19,33.79,29,3497,1096.0,2994,919,1.8109,NEAR OCEAN,137500
-118.2,33.79,47,767,195.0,569,195,2.9514,NEAR OCEAN,185200
-118.2,33.79,48,2105,592.0,1807,539,2.7183,NEAR OCEAN,190400
-118.2,33.79,47,2549,626.0,1388,606,3.0135,NEAR OCEAN,192700
-118.2,33.8,52,1786,445.0,1090,430,2.8988,NEAR OCEAN,194900
-118.19,33.8,41,2125,591.0,1604,555,2.9943,NEAR OCEAN,190600
-118.2,33.8,42,4577,1146.0,2749,1094,2.5012,NEAR OCEAN,197500
-118.2,33.8,52,1009,216.0,614,231,4.0074,NEAR OCEAN,200800
-118.18,33.8,42,2301,621.0,2114,561,2.0579,NEAR OCEAN,132700
-118.19,33.8,36,2326,729.0,2635,657,2.1985,NEAR OCEAN,141800
-118.18,33.79,42,1571,435.0,1631,417,1.6384,NEAR OCEAN,128000
-118.19,33.79,41,2114,612.0,2357,529,1.7938,NEAR OCEAN,142600
-118.19,33.79,43,1823,600.0,2339,560,1.6792,NEAR OCEAN,130600
-118.18,33.8,30,2734,758.0,2951,691,1.7689,NEAR OCEAN,117600
-118.17,33.79,36,948,303.0,1042,301,1.55,NEAR OCEAN,100000
-118.18,33.81,27,471,132.0,315,96,1.75,NEAR OCEAN,154200
-118.16,33.8,9,3564,835.0,1530,807,5.1806,NEAR OCEAN,175000
-118.16,33.79,25,5463,1265.0,3010,1179,3.233,NEAR OCEAN,199100
-118.17,33.8,26,1589,380.0,883,366,3.5313,NEAR OCEAN,187500
-118.18,33.8,15,2407,589.0,1591,506,3.0513,NEAR OCEAN,148100
-118.14,33.8,43,2506,531.0,1230,543,3.4211,NEAR OCEAN,203900
-118.15,33.79,5,3700,993.0,1657,848,3.7826,NEAR OCEAN,196300
-118.15,33.79,25,4013,1097.0,2297,969,3.0453,NEAR OCEAN,185900
-118.15,33.78,17,1584,435.0,904,406,2.0875,NEAR OCEAN,181300
-118.16,33.78,14,1709,558.0,1939,520,1.9808,NEAR OCEAN,139100
-118.16,33.78,33,2048,585.0,2074,597,2.0156,NEAR OCEAN,152700
-118.16,33.79,25,3742,1180.0,3916,1063,2.4,NEAR OCEAN,153700
-118.16,33.79,26,3061,844.0,2135,769,2.875,NEAR OCEAN,164000
-118.17,33.79,32,2171,672.0,3002,648,2.375,NEAR OCEAN,139700
-118.17,33.79,30,1349,519.0,2646,552,1.9318,NEAR OCEAN,115900
-118.18,33.78,36,1697,550.0,1379,434,1.2746,NEAR OCEAN,129700
-118.18,33.79,27,1580,510.0,1896,448,2.0186,NEAR OCEAN,130000
-118.17,33.79,28,1219,408.0,1816,348,1.7589,NEAR OCEAN,118300
-118.18,33.79,20,1255,360.0,1201,318,1.2206,NEAR OCEAN,162500
-118.19,33.78,29,1170,369.0,1398,373,2.2543,NEAR OCEAN,156300
-118.19,33.79,37,1834,551.0,1967,476,2.137,NEAR OCEAN,126600
-118.19,33.79,30,3107,994.0,3543,850,1.9387,NEAR OCEAN,141700
-118.19,33.78,24,225,72.0,439,71,2.8533,NEAR OCEAN,137500
-118.2,33.79,25,2851,968.0,3744,906,2.0675,NEAR OCEAN,116700
-118.21,33.79,33,32,18.0,96,36,4.5938,NEAR OCEAN,112500
-118.21,33.79,44,121,29.0,153,30,2.1964,NEAR OCEAN,150000
-118.22,33.79,48,143,41.0,222,50,1.7,NEAR OCEAN,104200
-118.23,33.76,21,49,14.0,29,16,5.0,NEAR OCEAN,87500
-118.19,33.78,35,1511,593.0,914,539,0.9318,NEAR OCEAN,187500
-118.2,33.78,46,1889,651.0,1545,587,1.7064,NEAR OCEAN,175000
-118.2,33.78,48,1766,497.0,1908,466,1.9872,NEAR OCEAN,168800
-118.2,33.78,52,2662,893.0,3018,763,2.3305,NEAR OCEAN,162500
-118.19,33.77,35,1574,603.0,820,514,1.2321,NEAR OCEAN,137500
-118.2,33.77,40,2034,899.0,1257,797,1.2864,NEAR OCEAN,131300
-118.2,33.77,24,2404,819.0,1566,753,1.5076,NEAR OCEAN,145800
-118.2,33.77,22,1118,437.0,1190,399,1.9797,NEAR OCEAN,143800
-118.2,33.77,52,1375,457.0,1089,317,2.2344,NEAR OCEAN,200000
-118.2,33.77,41,1158,396.0,1209,336,2.7813,NEAR OCEAN,129200
-118.2,33.77,42,517,233.0,995,212,2.225,NEAR OCEAN,106300
-118.18,33.77,45,1434,627.0,735,518,1.5,NEAR OCEAN,162500
-118.19,33.76,25,1442,392.0,632,385,4.6629,NEAR OCEAN,162500
-118.19,33.77,52,1562,616.0,692,512,1.4048,NEAR OCEAN,200000
-118.18,33.77,39,1645,547.0,1339,499,1.5536,NEAR OCEAN,155000
-118.18,33.77,36,1833,688.0,1128,620,1.1483,NEAR OCEAN,112500
-118.19,33.77,21,2103,727.0,1064,603,1.6178,NEAR OCEAN,137500
-118.19,33.77,31,1711,691.0,1092,568,1.0714,NEAR OCEAN,150000
-118.18,33.78,20,1852,556.0,1712,556,1.4565,NEAR OCEAN,152500
-118.18,33.78,17,1419,436.0,1300,360,2.0769,NEAR OCEAN,100000
-118.18,33.78,52,1180,381.0,1046,332,1.5603,NEAR OCEAN,162500
-118.19,33.78,31,1648,484.0,898,457,1.5844,NEAR OCEAN,162500
-118.19,33.78,8,992,393.0,694,331,2.5544,NEAR OCEAN,162500
-118.19,33.78,29,1013,392.0,1083,316,1.8438,NEAR OCEAN,162500
-118.19,33.78,42,1021,300.0,533,187,1.8036,NEAR OCEAN,175000
-118.17,33.78,29,2920,962.0,3580,772,1.7393,NEAR OCEAN,140200
-118.17,33.78,23,3768,1261.0,3940,1098,1.9647,NEAR OCEAN,186200
-118.18,33.78,26,3042,1253.0,4812,1141,1.7701,NEAR OCEAN,146200
-118.17,33.78,44,2364,746.0,3184,672,1.9180000000000001,NEAR OCEAN,147500
-118.17,33.77,36,2933,881.0,2077,838,2.2538,NEAR OCEAN,181300
-118.17,33.77,45,2508,797.0,1340,720,2.6786,NEAR OCEAN,191100
-118.17,33.77,38,2239,721.0,984,684,2.346,NEAR OCEAN,165600
-118.17,33.77,39,2953,878.0,1379,785,2.1378,NEAR OCEAN,180400
-118.17,33.77,12,4409,1401.0,3068,1262,2.2808,NEAR OCEAN,154700
-118.18,33.77,29,1776,606.0,1391,488,1.1295,NEAR OCEAN,137500
-118.18,33.77,30,1418,439.0,720,417,2.6371,NEAR OCEAN,159400
-118.18,33.77,41,2048,601.0,852,533,2.5726,NEAR OCEAN,193800
-118.18,33.77,49,2297,759.0,1105,629,1.8388,NEAR OCEAN,175000
-118.16,33.78,15,4798,1374.0,3087,1212,2.127,NEAR OCEAN,163300
-118.16,33.78,29,3684,1301.0,3891,1143,1.6955,NEAR OCEAN,179700
-118.15,33.78,12,4436,1133.0,2176,1002,3.5812,NEAR OCEAN,198600
-122.93,38.02,28,1284,265.0,628,219,3.5469,NEAR OCEAN,200000
-122.9,38.28,52,1275,218.0,627,185,2.3482,NEAR OCEAN,163500
-123.71,39.88,42,1518,383.0,656,303,1.4952,NEAR OCEAN,69800
-123.84,39.83,19,1461,340.0,515,227,1.5278,NEAR OCEAN,145800
-123.73,39.17,20,4620,1042.0,1745,794,2.375,NEAR OCEAN,158800
-123.53,38.93,38,1706,355.0,506,211,2.5625,NEAR OCEAN,165600
-123.69,38.9,17,2206,478.0,1140,428,2.1985,NEAR OCEAN,95300
-123.59,38.8,17,5202,1037.0,1742,803,3.1201,NEAR OCEAN,176100
-121.79,36.85,28,1049,235.0,705,208,2.7321,NEAR OCEAN,150000
-121.39,36.16,28,1057,249.0,288,130,3.0526,NEAR OCEAN,146900
-121.32,35.95,31,372,68.0,479,67,3.5547,NEAR OCEAN,200000
-121.89,36.59,18,2700,937.0,1042,744,3.1364,NEAR OCEAN,150000
-117.61,33.43,33,1150,383.0,604,317,2.3545,NEAR OCEAN,187500
-117.62,33.42,27,1005,266.0,460,243,3.1029,NEAR OCEAN,190600
-117.98,33.64,20,1851,495.0,792,363,3.8187,NEAR OCEAN,137500
-117.16,32.75,49,1566,494.0,643,419,1.9637,NEAR OCEAN,137500
-117.16,32.75,19,5430,1593.0,2496,1484,2.9112,NEAR OCEAN,199100
-117.16,32.75,34,1785,558.0,804,490,2.2687,NEAR OCEAN,200000
-117.15,32.76,40,1809,474.0,826,456,2.6518,NEAR OCEAN,179800
-117.15,32.76,37,1921,502.0,811,472,2.75,NEAR OCEAN,175000
-117.15,32.75,40,2261,579.0,903,525,2.465,NEAR OCEAN,198700
-117.15,32.75,9,2818,821.0,851,555,2.6181,NEAR OCEAN,204200
-117.15,32.75,27,3166,867.0,1332,817,2.6742,NEAR OCEAN,171400
-117.14,32.75,35,1391,329.0,726,317,2.6818,NEAR OCEAN,159400
-117.14,32.74,47,1494,327.0,689,304,3.125,NEAR OCEAN,172700
-117.14,32.74,16,6075,1816.0,2592,1634,2.5553,NEAR OCEAN,178100
-117.14,32.75,29,1961,565.0,1002,569,2.2813,NEAR OCEAN,118100
-117.14,32.75,25,1908,513.0,956,467,2.4828,NEAR OCEAN,133300
-117.14,32.75,37,1832,525.0,955,488,2.7852,NEAR OCEAN,129200
-117.14,32.75,19,1358,613.0,766,630,1.0353,NEAR OCEAN,150000
-117.14,32.75,20,1182,379.0,678,326,2.1937,NEAR OCEAN,162500
-117.14,32.75,27,1551,464.0,880,400,2.4167,NEAR OCEAN,131300
-117.14,32.76,28,3025,756.0,1328,695,2.694,NEAR OCEAN,164100
-117.14,32.76,35,2539,661.0,1308,629,2.6777,NEAR OCEAN,146400
-117.14,32.76,32,2587,681.0,1246,650,2.1727,NEAR OCEAN,145500
-117.14,32.76,35,1785,493.0,965,506,2.0792,NEAR OCEAN,160000
-117.13,32.77,30,2582,650.0,1098,603,2.8281,NEAR OCEAN,171700
-117.13,32.76,29,2568,682.0,1191,642,2.1094,NEAR OCEAN,162500
-117.13,32.76,41,1545,420.0,747,415,2.375,NEAR OCEAN,154400
-117.13,32.76,27,2280,695.0,1235,664,1.9392,NEAR OCEAN,142900
-117.13,32.76,33,1591,461.0,794,425,2.6333,NEAR OCEAN,140000
-117.13,32.76,22,2623,732.0,1283,718,2.1563,NEAR OCEAN,127100
-117.14,32.76,24,3523,991.0,1775,873,2.1273,NEAR OCEAN,142300
-117.13,32.75,24,1877,519.0,898,483,2.2264,NEAR OCEAN,112500
-117.13,32.75,28,2279,671.0,1166,623,1.95,NEAR OCEAN,150000
-117.13,32.75,23,3999,1182.0,2051,1130,2.1292,NEAR OCEAN,135000
-117.13,32.75,31,2336,656.0,1186,609,2.5872,NEAR OCEAN,130600
-117.13,32.75,50,1476,354.0,698,354,3.0,NEAR OCEAN,168800
-117.13,32.74,52,1512,321.0,651,321,3.6852,NEAR OCEAN,185300
-117.13,32.75,37,4142,1031.0,1936,968,2.693,NEAR OCEAN,174100
-117.12,32.75,37,2344,546.0,1134,513,2.4394,NEAR OCEAN,118300
-117.12,32.74,46,1898,441.0,978,439,3.2708,NEAR OCEAN,155200
-117.12,32.74,52,1969,389.0,877,424,3.79,NEAR OCEAN,163400
-117.13,32.75,20,2271,602.0,992,520,2.2599,NEAR OCEAN,157600
-117.12,32.75,15,2671,724.0,1800,646,2.1394,NEAR OCEAN,106700
-117.12,32.75,17,2060,633.0,1251,602,1.9886,NEAR OCEAN,119200
-117.12,32.75,20,1406,413.0,850,412,2.3261,NEAR OCEAN,114600
-117.12,32.75,25,2222,634.0,1025,568,1.64,NEAR OCEAN,130000
-117.12,32.76,23,2681,717.0,1279,648,2.1597,NEAR OCEAN,116100
-117.12,32.76,33,2279,591.0,1250,576,2.4297,NEAR OCEAN,139000
-117.12,32.76,43,2336,644.0,1203,614,2.3594,NEAR OCEAN,127800
-117.12,32.76,26,1221,331.0,620,296,2.4821,NEAR OCEAN,123600
-117.11,32.76,29,2030,545.0,1014,518,2.2409,NEAR OCEAN,114200
-117.12,32.76,28,2160,608.0,1339,571,1.9152,NEAR OCEAN,128100
-117.12,32.76,27,1426,364.0,792,353,2.0673,NEAR OCEAN,118800
-117.12,32.76,28,1605,501.0,936,460,2.5991,NEAR OCEAN,147500
-117.12,32.76,17,1559,462.0,821,428,2.0139,NEAR OCEAN,150000
-117.12,32.76,41,1469,421.0,803,395,2.1856,NEAR OCEAN,120500
-117.11,32.77,48,1502,272.0,590,265,2.5952,NEAR OCEAN,190300
-117.11,32.77,50,1729,355.0,617,337,3.6705,NEAR OCEAN,167000
-117.12,32.77,48,2012,422.0,893,394,2.7928,NEAR OCEAN,175000
-117.12,32.77,43,2167,464.0,977,461,3.125,NEAR OCEAN,192200
-117.09,32.76,44,1139,214.0,470,217,3.5481,NEAR OCEAN,203100
-117.11,32.76,31,2293,549.0,1108,557,3.3854,NEAR OCEAN,204400
-117.1,32.76,30,1835,474.0,934,415,2.875,NEAR OCEAN,139600
-117.11,32.76,28,1457,397.0,672,342,1.9799,NEAR OCEAN,122700
-117.11,32.76,21,2226,600.0,1085,533,2.2604,NEAR OCEAN,126300
-117.11,32.76,19,2188,616.0,1304,607,2.0852,NEAR OCEAN,114400
-117.1,32.75,17,871,379.0,955,351,1.4375,NEAR OCEAN,96400
-117.1,32.75,11,2393,726.0,1905,711,1.3448,NEAR OCEAN,91300
-117.11,32.75,11,1607,478.0,1384,450,2.05,NEAR OCEAN,100000
-117.11,32.75,21,2127,658.0,1812,603,1.6896,NEAR OCEAN,100000
-117.11,32.75,18,1943,587.0,1329,522,1.7696,NEAR OCEAN,103100
-117.09,32.76,29,1650,496.0,882,445,2.2287,NEAR OCEAN,140000
-117.09,32.76,31,1235,387.0,816,397,1.5517,NEAR OCEAN,122500
-117.1,32.76,31,987,267.0,619,250,2.9286,NEAR OCEAN,151800
-117.1,32.75,16,2426,799.0,1505,754,1.6444,NEAR OCEAN,103400
-117.1,32.75,21,2063,609.0,1686,558,1.4828,NEAR OCEAN,94800
-117.1,32.75,20,2355,722.0,1848,576,2.0036,NEAR OCEAN,99200
-117.1,32.75,15,2422,774.0,2120,715,1.0617,NEAR OCEAN,92400
-117.1,32.75,23,1858,551.0,1506,492,1.7446,NEAR OCEAN,85200
-117.11,32.75,46,695,182.0,601,195,2.4219,NEAR OCEAN,90600
-117.11,32.75,20,1667,469.0,1292,445,2.0893,NEAR OCEAN,101100
-117.11,32.75,34,2131,594.0,1373,562,2.113,NEAR OCEAN,102100
-117.12,32.75,13,2795,773.0,1869,690,2.1767,NEAR OCEAN,101800
-117.1,32.74,14,2361,601.0,1831,526,1.6102,NEAR OCEAN,93400
-117.11,32.74,25,2846,644.0,2272,632,2.2,NEAR OCEAN,98700
-117.11,32.74,25,684,190.0,665,187,2.4524,NEAR OCEAN,90300
-117.11,32.74,33,1126,267.0,621,241,3.2422,NEAR OCEAN,123100
-117.11,32.73,35,1689,397.0,1135,366,2.3269,NEAR OCEAN,97300
-117.1,32.73,24,2927,704.0,2005,668,2.2375,NEAR OCEAN,102900
-117.11,32.73,34,1096,221.0,574,223,3.8355,NEAR OCEAN,126700
-117.11,32.73,27,3160,627.0,1628,612,3.8864,NEAR OCEAN,132600
-117.09,32.75,30,1899,546.0,1620,493,1.6034,NEAR OCEAN,84400
-117.09,32.74,23,3130,779.0,2472,744,2.32,NEAR OCEAN,93200
-117.1,32.74,20,3854,1046.0,3555,966,1.6747,NEAR OCEAN,100000
-117.1,32.74,30,1772,500.0,1389,447,2.3641,NEAR OCEAN,94100
-117.1,32.75,11,1976,548.0,1528,512,1.4886,NEAR OCEAN,89800
-117.08,32.75,20,1886,586.0,1134,525,1.5029,NEAR OCEAN,100000
-117.08,32.75,16,1111,328.0,930,303,1.2347,NEAR OCEAN,128100
-117.08,32.75,15,1821,516.0,1385,439,2.5101,NEAR OCEAN,95300
-117.09,32.75,24,1245,376.0,1230,362,1.875,NEAR OCEAN,95000
-117.09,32.75,28,1220,391.0,1286,396,1.2286,NEAR OCEAN,105000
-117.09,32.75,20,1701,503.0,1482,465,1.6789,NEAR OCEAN,95500
-117.09,32.76,10,1922,577.0,1595,545,1.5208,NEAR OCEAN,118800
-117.08,32.76,18,1704,596.0,1639,548,1.7391,NEAR OCEAN,125000
-117.07,32.76,14,2523,545.0,1297,525,2.3886,NEAR OCEAN,138100
-117.07,32.75,37,2690,549.0,1219,524,2.3148,NEAR OCEAN,154200
-117.07,32.75,14,3073,851.0,2000,782,2.3824,NEAR OCEAN,144700
-117.07,32.75,9,3464,749.0,1687,645,3.3026,NEAR OCEAN,119100
-117.06,32.75,34,1917,419.0,1181,426,3.0208,NEAR OCEAN,129200
-117.05,32.74,34,2178,455.0,1193,446,3.1719,NEAR OCEAN,115300
-117.07,32.74,37,1042,205.0,589,208,2.6629,NEAR OCEAN,116900
-117.07,32.75,31,2036,501.0,1263,442,2.5583,NEAR OCEAN,120700
-117.08,32.75,20,1989,508.0,1452,462,2.0077,NEAR OCEAN,118300
-117.08,32.74,26,2359,622.0,2067,581,1.8103,NEAR OCEAN,124700
-117.09,32.75,19,2739,707.0,2004,622,1.6318,NEAR OCEAN,117700
-117.09,32.74,42,1986,472.0,1472,475,2.1757,NEAR OCEAN,110100
-117.08,32.74,33,3260,673.0,1784,666,3.5078,NEAR OCEAN,126500
-117.08,32.73,36,3331,643.0,1903,622,3.6974,NEAR OCEAN,122000
-117.07,32.74,38,1901,392.0,1099,406,2.7661,NEAR OCEAN,113900
-117.08,32.74,35,1434,253.0,753,228,2.3812,NEAR OCEAN,135100
-117.08,32.73,36,1158,218.0,619,233,3.6125,NEAR OCEAN,122500
-117.08,32.73,19,2935,763.0,1953,720,1.4254,NEAR OCEAN,111300
-117.07,32.73,18,2968,656.0,1149,581,2.6452,NEAR OCEAN,154200
-117.07,32.77,34,2245,394.0,1849,429,3.5446,NEAR OCEAN,185500
-117.07,32.77,38,3779,614.0,1495,614,4.3529,NEAR OCEAN,184000
-117.07,32.76,42,1827,378.0,880,380,2.5125,NEAR OCEAN,176600
-117.08,32.77,25,3911,849.0,1580,767,2.7778,NEAR OCEAN,184100
-117.08,32.76,27,1221,254.0,606,259,3.0833,NEAR OCEAN,155400
-117.09,32.76,31,2567,624.0,1255,582,2.5909,NEAR OCEAN,159100
-117.08,32.76,20,2547,785.0,1199,643,1.7743,NEAR OCEAN,140300
-117.05,32.77,23,2556,662.0,1200,548,1.8899,NEAR OCEAN,147700
-117.06,32.77,18,2269,682.0,1329,581,1.7951,NEAR OCEAN,161800
-117.06,32.77,34,1730,373.0,730,350,2.0284,NEAR OCEAN,161800
-117.07,32.77,38,1130,228.0,699,241,2.65,NEAR OCEAN,167600
-117.06,32.77,32,3888,827.0,3868,841,3.0755,NEAR OCEAN,166800
-117.05,32.77,33,3535,683.0,1568,672,2.8097,NEAR OCEAN,158300
-117.06,32.76,36,2785,577.0,1275,527,2.3015,NEAR OCEAN,156800
-117.06,32.76,38,1549,288.0,636,278,3.2188,NEAR OCEAN,150500
-117.05,32.76,46,1887,359.0,795,358,3.25,NEAR OCEAN,159600
-117.06,32.76,37,2356,476.0,1231,499,2.965,NEAR OCEAN,155700
-117.06,32.76,24,1629,587.0,1012,488,1.7452,NEAR OCEAN,156800
-117.05,32.75,36,2024,,1030,390,3.8233,NEAR OCEAN,139800
-117.06,32.75,34,2516,611.0,1317,594,2.2308,NEAR OCEAN,125900
-117.05,32.75,35,2144,388.0,1003,383,3.0938,NEAR OCEAN,137300
-117.07,32.72,18,1758,286.0,987,277,4.6875,NEAR OCEAN,141800
-117.08,32.72,32,2286,468.0,1741,467,3.0446,NEAR OCEAN,101900
-117.07,32.71,36,2448,475.0,1268,450,2.5682,NEAR OCEAN,109100
-117.06,32.73,33,3444,619.0,1884,582,3.7891,NEAR OCEAN,126700
-117.06,32.72,31,2669,514.0,1626,499,3.1923,NEAR OCEAN,116900
-117.05,32.72,35,1777,369.0,1158,353,3.4107,NEAR OCEAN,117000
-117.06,32.71,25,2681,596.0,1947,553,2.8964,NEAR OCEAN,104300
-117.07,32.71,39,2754,652.0,2263,619,2.2454,NEAR OCEAN,89600
-117.08,32.7,35,1477,264.0,852,279,3.1786,NEAR OCEAN,100600
-117.08,32.7,37,2176,418.0,1301,375,2.875,NEAR OCEAN,98900
-117.08,32.7,36,2103,390.0,1279,392,2.4135,NEAR OCEAN,97000
-117.06,32.71,21,1864,388.0,1498,389,3.8194,NEAR OCEAN,125700
-117.06,32.71,11,2397,523.0,1566,514,3.8687,NEAR OCEAN,145200
-117.08,32.71,27,2204,598.0,1656,521,1.4821,NEAR OCEAN,86200
-117.07,32.71,26,4151,823.0,2822,697,2.8372,NEAR OCEAN,123400
-117.07,32.7,14,2763,456.0,1914,465,4.1645,NEAR OCEAN,143000
-117.07,32.69,20,2192,406.0,1766,393,4.0921,NEAR OCEAN,135000
-117.06,32.7,12,3943,737.0,3280,751,4.112,NEAR OCEAN,141400
-117.04,32.71,28,5274,991.0,3727,961,3.57,NEAR OCEAN,109800
-117.05,32.71,25,3292,608.0,2266,592,3.2986,NEAR OCEAN,119200
-117.03,32.71,33,3126,627.0,2300,623,3.2596,NEAR OCEAN,103000
-117.03,32.71,34,2328,444.0,1684,429,3.25,NEAR OCEAN,99600
-117.02,32.71,20,4050,745.0,2870,761,3.7366,NEAR OCEAN,121800
-117.02,32.7,22,2756,516.0,1849,486,4.1837,NEAR OCEAN,125400
-117.02,32.7,18,1643,283.0,1134,269,5.1769,NEAR OCEAN,133000
-117.02,32.71,30,3187,592.0,2082,631,3.5388,NEAR OCEAN,118500
-117.01,32.7,25,2321,398.0,1434,386,3.5341,NEAR OCEAN,120800
-117.05,32.69,8,831,158.0,740,154,5.3908,NEAR OCEAN,165500
-117.06,32.69,9,1520,269.0,1250,265,4.8875,NEAR OCEAN,157700
-117.06,32.69,13,705,149.0,718,155,4.4375,NEAR OCEAN,154900
-117.06,32.69,9,521,111.0,491,110,5.1305,NEAR OCEAN,158900
-117.03,32.7,19,2304,572.0,2010,556,2.2866,NEAR OCEAN,109900
-117.04,32.69,27,1790,356.0,1286,347,3.5437,NEAR OCEAN,115800
-117.04,32.7,7,9311,1703.0,7302,1694,4.419,NEAR OCEAN,156900
-117.07,32.68,18,1475,267.0,1149,268,5.0827,NEAR OCEAN,142200
-117.06,32.68,38,1481,317.0,1080,291,2.85,NEAR OCEAN,125800
-117.06,32.68,36,3815,796.0,2945,728,2.0959,NEAR OCEAN,125000
-117.05,32.69,21,991,210.0,695,203,3.625,NEAR OCEAN,144300
-117.06,32.68,41,2665,515.0,1664,512,2.375,NEAR OCEAN,113500
-117.06,32.67,29,4047,754.0,2353,730,4.0505,NEAR OCEAN,125000
-117.05,32.68,35,3414,580.0,1761,522,3.9922,NEAR OCEAN,129800
-117.05,32.67,32,4227,785.0,2842,795,3.9646,NEAR OCEAN,137800
-117.05,32.68,19,1469,275.0,1010,292,3.5664,NEAR OCEAN,150400
-117.05,32.67,16,2168,343.0,1589,338,5.4863,NEAR OCEAN,153800
-117.06,32.66,24,2587,491.0,1617,458,3.5066,NEAR OCEAN,133400
-117.05,32.69,14,1689,555.0,1319,527,3.16,NEAR OCEAN,143800
-117.05,32.68,15,1828,359.0,955,248,3.2174,NEAR OCEAN,165100
-117.04,32.68,13,2132,425.0,1345,432,4.0,NEAR OCEAN,89300
-117.04,32.68,14,1320,270.0,943,260,5.0947,NEAR OCEAN,152700
-117.04,32.67,14,3464,683.0,2139,734,4.0668,NEAR OCEAN,137500
-117.04,32.69,9,3417,860.0,2521,828,3.02,NEAR OCEAN,158900
-117.04,32.68,9,3087,609.0,1530,556,3.775,NEAR OCEAN,125000
-117.04,32.68,11,1875,357.0,1014,386,4.375,NEAR OCEAN,115000
-117.01,32.7,7,2327,490.0,1304,445,3.3553,NEAR OCEAN,132200
-117.02,32.69,7,6055,1004.0,3031,952,4.436,NEAR OCEAN,135000
-117.03,32.69,5,3201,532.0,2061,536,5.0829,NEAR OCEAN,179400
-117.03,32.69,10,901,163.0,698,167,4.6648,NEAR OCEAN,156100
-117.03,32.69,8,2460,397.0,1784,390,4.5662,NEAR OCEAN,175500
-117.09,32.71,12,3375,945.0,2357,808,1.5,NEAR OCEAN,106300
-117.09,32.7,15,869,217.0,887,216,1.4583,NEAR OCEAN,84200
-117.09,32.7,22,2409,582.0,1887,578,1.4089,NEAR OCEAN,94200
-117.09,32.69,18,1645,430.0,1221,410,1.3269,NEAR OCEAN,108000
-117.09,32.69,20,1102,205.0,852,217,3.1833,NEAR OCEAN,108300
-117.1,32.69,11,3071,911.0,2812,774,1.2413,NEAR OCEAN,83100
-117.1,32.7,28,633,137.0,525,170,3.6042,NEAR OCEAN,95600
-117.1,32.7,42,2002,488.0,1505,464,1.5057,NEAR OCEAN,86300
-117.1,32.71,9,1931,472.0,1628,445,2.085,NEAR OCEAN,92600
-117.09,32.73,26,3114,686.0,1948,660,2.8942,NEAR OCEAN,124100
-117.1,32.72,5,1615,387.0,1094,394,2.2024,NEAR OCEAN,137200
-117.09,32.72,39,1273,246.0,770,242,2.0938,NEAR OCEAN,102500
-117.09,32.72,33,1096,240.0,716,224,1.6944,NEAR OCEAN,111800
-117.09,32.73,28,3109,594.0,1559,589,3.5789,NEAR OCEAN,120300
-117.09,32.71,29,2238,523.0,2061,504,2.5559,NEAR OCEAN,96800
-117.1,32.71,29,3422,713.0,2775,644,1.7075,NEAR OCEAN,86900
-117.1,32.71,25,939,247.0,1003,240,1.75,NEAR OCEAN,87900
-117.11,32.72,25,1491,348.0,1183,316,1.9583,NEAR OCEAN,88600
-117.11,32.71,30,1729,457.0,1673,460,1.7,NEAR OCEAN,85900
-117.11,32.7,34,2028,522.0,1797,464,1.7402,NEAR OCEAN,79400
-117.11,32.7,37,2045,502.0,1920,472,1.8125,NEAR OCEAN,83300
-117.11,32.7,33,1980,488.0,1626,428,1.4856,NEAR OCEAN,86400
-117.12,32.7,14,819,237.0,827,237,1.3194,NEAR OCEAN,90500
-117.12,32.7,36,1011,253.0,763,226,1.8187,NEAR OCEAN,84100
-117.11,32.71,29,1040,291.0,1054,297,1.1818,NEAR OCEAN,83200
-117.1,32.69,37,1269,340.0,1369,302,2.2102,NEAR OCEAN,87200
-117.1,32.69,35,1292,272.0,1183,272,2.0547,NEAR OCEAN,98000
-117.11,32.69,36,1421,367.0,1418,355,1.9425,NEAR OCEAN,93400
-117.11,32.69,34,1144,295.0,1271,302,2.09,NEAR OCEAN,91800
-117.11,32.69,37,2395,627.0,2489,599,1.5933,NEAR OCEAN,86300
-117.11,32.69,39,395,159.0,620,162,2.725,NEAR OCEAN,86500
-117.12,32.69,46,200,77.0,180,65,1.0658,NEAR OCEAN,93800
-117.12,32.69,37,1082,294.0,1146,265,2.0673,NEAR OCEAN,88500
-117.12,32.7,38,818,217.0,953,231,1.0531,NEAR OCEAN,65700
-117.12,32.7,37,1361,348.0,1398,328,1.1681,NEAR OCEAN,78100
-117.13,32.69,36,1469,400.0,1271,340,1.043,NEAR OCEAN,90100
-117.13,32.7,48,786,230.0,917,231,1.875,NEAR OCEAN,75600
-117.13,32.7,42,1210,292.0,945,258,0.8991,NEAR OCEAN,78900
-117.13,32.7,38,1445,392.0,1286,357,1.4632,NEAR OCEAN,80200
-117.13,32.7,35,1179,344.0,1372,330,1.9509,NEAR OCEAN,70200
-117.12,32.71,33,1256,331.0,1315,321,1.9286,NEAR OCEAN,78500
-117.13,32.71,38,993,246.0,760,205,1.1563,NEAR OCEAN,82700
-117.13,32.71,42,1145,314.0,1114,307,1.2614,NEAR OCEAN,87500
-117.13,32.71,44,1697,413.0,1396,363,1.5474,NEAR OCEAN,83300
-117.13,32.72,32,2197,623.0,1784,599,1.901,NEAR OCEAN,120300
-117.12,32.71,24,421,101.0,396,113,0.6433,NEAR OCEAN,111300
-117.13,32.72,9,2436,720.0,1780,653,1.8299,NEAR OCEAN,137500
-117.13,32.72,19,1341,435.0,1048,360,1.975,NEAR OCEAN,117900
-117.12,32.72,36,6096,1285.0,3093,1229,3.37,NEAR OCEAN,159100
-117.12,32.73,50,2307,424.0,887,356,3.5156,NEAR OCEAN,168800
-117.12,32.73,52,3976,718.0,1750,769,3.4151,NEAR OCEAN,175400
-117.13,32.74,46,3355,768.0,1457,708,2.6604,NEAR OCEAN,170100
-117.13,32.74,50,1527,338.0,728,322,2.625,NEAR OCEAN,203200
-117.13,32.73,43,2706,667.0,1531,614,2.1513,NEAR OCEAN,145000
-117.13,32.72,43,2160,504.0,1221,452,2.4821,NEAR OCEAN,140600
-117.13,32.72,52,1560,307.0,757,315,2.7083,NEAR OCEAN,199100
-117.14,32.72,42,1558,458.0,1227,407,2.2804,NEAR OCEAN,139100
-117.13,32.72,17,1285,423.0,1208,409,1.758,NEAR OCEAN,126600
-117.14,32.71,34,1694,455.0,1467,425,2.1164,NEAR OCEAN,139400
-117.14,32.71,32,719,251.0,894,208,1.8456,NEAR OCEAN,103100
-117.14,32.72,43,1073,344.0,660,279,2.0529,NEAR OCEAN,168800
-117.14,32.72,45,1140,310.0,840,339,1.6156,NEAR OCEAN,156300
-117.14,32.72,34,2533,862.0,2011,778,2.1199,NEAR OCEAN,160400
-117.14,32.71,52,1225,332.0,955,321,1.6011,NEAR OCEAN,106300
-117.14,32.71,52,979,314.0,975,297,1.2375,NEAR OCEAN,100000
-117.14,32.71,52,800,313.0,1337,282,1.5594,NEAR OCEAN,87500
-117.14,32.71,52,500,,480,108,1.8696,NEAR OCEAN,91100
-117.13,32.71,37,1220,325.0,1472,323,1.825,NEAR OCEAN,81500
-117.13,32.71,35,614,180.0,691,164,1.6953,NEAR OCEAN,81300
-117.14,32.71,43,966,255.0,857,208,1.2841,NEAR OCEAN,72000
-117.14,32.71,39,1647,478.0,2176,479,1.7642,NEAR OCEAN,82900
-117.14,32.7,32,1280,353.0,1335,330,1.6023,NEAR OCEAN,77300
-117.13,32.7,35,365,98.0,463,112,2.5588,NEAR OCEAN,78800
-117.14,32.7,43,1126,289.0,1132,294,2.1875,NEAR OCEAN,87000
-117.14,32.7,40,1227,330.0,1199,316,1.2188,NEAR OCEAN,92500
-117.14,32.7,36,633,148.0,557,139,1.5729,NEAR OCEAN,82700
-117.14,32.7,48,510,180.0,545,132,1.8008,NEAR OCEAN,86500
-117.14,32.7,44,658,218.0,869,212,1.9338,NEAR OCEAN,89400
-117.14,32.7,47,552,161.0,593,174,0.9589,NEAR OCEAN,90000
-117.15,32.7,50,475,172.0,483,120,1.3657,NEAR OCEAN,162500
-117.15,32.71,52,402,183.0,557,172,1.3125,NEAR OCEAN,87500
-117.15,32.7,52,458,148.0,1283,166,1.2863,NEAR OCEAN,86300
-117.15,32.71,52,217,82.0,531,93,1.6607,NEAR OCEAN,137500
-117.15,32.72,52,344,177.0,460,147,1.2292,NEAR OCEAN,137500
-117.16,32.72,52,788,463.0,805,391,0.9142,NEAR OCEAN,162500
-117.16,32.71,52,845,451.0,1230,375,1.0918,NEAR OCEAN,22500
-117.17,32.71,7,2493,693.0,951,641,4.2375,NEAR OCEAN,205000
-117.17,32.71,39,311,181.0,206,113,0.7685,NEAR OCEAN,187500
-117.14,32.73,26,450,132.0,317,109,4.0,NEAR OCEAN,137500
-117.16,32.72,24,1232,663.0,1184,626,1.0391,NEAR OCEAN,162500
-117.16,32.73,52,1218,471.0,821,429,1.9597,NEAR OCEAN,200000
-117.17,32.73,52,408,143.0,313,143,1.815,NEAR OCEAN,116700
-117.16,32.73,52,1682,617.0,873,534,2.0972,NEAR OCEAN,112500
-117.16,32.73,52,1863,559.0,906,493,1.9203,NEAR OCEAN,195800
-117.17,32.73,52,55,18.0,65,22,1.6591,NEAR OCEAN,112500
-117.18,32.74,20,1165,269.0,459,244,3.175,NEAR OCEAN,191700
-117.19,32.75,52,25,5.0,13,5,0.536,NEAR OCEAN,162500
-117.21,32.74,45,3025,583.0,1980,550,2.2982,NEAR OCEAN,87500
-117.22,32.75,26,696,185.0,384,184,2.6121,NEAR OCEAN,125000
-117.23,32.75,23,2415,653.0,1275,596,3.1389,NEAR OCEAN,101800
-117.22,32.75,26,617,112.0,251,110,3.8036,NEAR OCEAN,162000
-117.23,32.75,11,4304,1245.0,1960,1105,3.3456,NEAR OCEAN,159800
-117.23,32.75,5,1824,,892,426,3.4286,NEAR OCEAN,137500
-117.23,32.75,21,2050,608.0,1131,550,2.4779,NEAR OCEAN,165000
-117.23,32.74,16,735,139.0,299,134,4.6354,NEAR OCEAN,179200
-117.23,32.74,16,1953,404.0,798,385,4.8167,NEAR OCEAN,169800
-117.25,32.75,36,1929,526.0,974,491,1.7622,NEAR OCEAN,205800
-117.22,32.78,22,2020,466.0,1010,429,3.4527,NEAR OCEAN,175000
-117.24,32.79,18,1741,602.0,508,283,3.2625,NEAR OCEAN,193800
-117.21,32.8,19,786,282.0,525,229,1.7273,NEAR OCEAN,137500
-117.22,32.8,23,1906,525.0,1029,491,2.93,NEAR OCEAN,183300
-117.23,32.8,22,2981,873.0,1751,745,2.3482,NEAR OCEAN,190600
-117.28,32.8,20,1838,540.0,615,325,3.5486,NEAR OCEAN,193800
-117.24,32.8,28,1072,331.0,692,321,2.1357,NEAR OCEAN,187500
-117.24,32.8,18,2205,661.0,874,580,3.8018,NEAR OCEAN,112500
-117.23,32.88,18,5566,1465.0,6303,1458,1.858,NEAR OCEAN,205000
-117.23,32.87,15,2290,662.0,1034,594,3.0104,NEAR OCEAN,204200
-117.23,32.86,16,1675,354.0,604,332,5.2326,NEAR OCEAN,188300
-117.23,32.86,15,1199,301.0,510,296,3.6083,NEAR OCEAN,180100
-117.23,32.86,16,1200,468.0,648,443,3.045,NEAR OCEAN,100000
-117.23,32.87,11,3123,740.0,1223,634,5.417000000000001,NEAR OCEAN,196800
-117.21,32.86,16,2800,566.0,1267,518,3.2794,NEAR OCEAN,148600
-117.22,32.87,14,3512,807.0,1835,792,3.35,NEAR OCEAN,171000
-117.22,32.87,5,3511,1008.0,1599,918,3.8542,NEAR OCEAN,176600
-117.21,32.89,14,3114,773.0,1592,776,3.3176,NEAR OCEAN,156100
-117.22,32.83,34,2936,597.0,1512,571,3.7841,NEAR OCEAN,176900
-117.22,32.83,31,3958,727.0,1924,728,5.4605,NEAR OCEAN,190200
-117.22,32.83,31,2558,512.0,1164,492,3.4318,NEAR OCEAN,200400
-117.22,32.82,35,756,135.0,423,136,3.5234,NEAR OCEAN,183900
-117.2,32.84,34,3353,544.0,1583,571,4.55,NEAR OCEAN,187700
-117.2,32.84,32,2033,394.0,989,389,3.2583,NEAR OCEAN,181400
-117.21,32.84,34,2158,366.0,1046,335,4.5402,NEAR OCEAN,182100
-117.2,32.83,36,1089,240.0,623,226,2.5909,NEAR OCEAN,176000
-117.21,32.83,36,1475,328.0,806,327,3.5078,NEAR OCEAN,166000
-117.21,32.83,28,3241,533.0,1334,513,4.1806,NEAR OCEAN,199600
-117.21,32.83,35,2259,501.0,1340,511,3.4482,NEAR OCEAN,162500
-117.21,32.81,33,4773,873.0,1954,845,4.3862,NEAR OCEAN,184800
-117.2,32.83,35,1377,350.0,792,313,2.8472,NEAR OCEAN,161400
-117.2,32.82,35,1217,220.0,643,237,3.9464,NEAR OCEAN,171600
-117.2,32.82,35,2772,537.0,1392,521,3.3369999999999997,NEAR OCEAN,172300
-117.19,32.82,35,1074,180.0,442,173,5.252999999999999,NEAR OCEAN,204000
-117.19,32.82,35,2197,353.0,945,357,4.9219,NEAR OCEAN,192900
-117.18,32.84,31,3064,575.0,1476,549,3.6667,NEAR OCEAN,175900
-117.18,32.84,30,2290,523.0,1272,472,3.5606,NEAR OCEAN,165100
-117.18,32.84,32,1351,237.0,823,269,4.2768,NEAR OCEAN,167800
-117.19,32.84,30,2492,406.0,1250,431,5.5277,NEAR OCEAN,197100
-117.19,32.84,35,2263,427.0,1001,408,3.875,NEAR OCEAN,172000
-117.18,32.83,23,2105,525.0,1218,484,3.375,NEAR OCEAN,184100
-117.19,32.83,30,2288,448.0,1240,469,4.0114,NEAR OCEAN,169800
-117.19,32.83,30,3225,555.0,1601,532,4.3317,NEAR OCEAN,173300
-117.17,32.82,24,1623,417.0,911,397,2.7401,NEAR OCEAN,198100
-117.17,32.82,21,2869,596.0,1471,577,3.0375,NEAR OCEAN,197600
-117.18,32.83,27,2346,399.0,1105,373,4.2708,NEAR OCEAN,182800
-117.18,32.83,31,1772,353.0,1090,350,3.9265,NEAR OCEAN,162000
-117.16,32.82,28,2291,371.0,1098,382,4.6875,NEAR OCEAN,188000
-117.17,32.81,26,2424,388.0,974,375,4.739,NEAR OCEAN,184100
-117.17,32.81,26,788,127.0,346,125,5.0603,NEAR OCEAN,185700
-117.18,32.81,19,6823,1509.0,3784,1509,3.1032,NEAR OCEAN,179500
-117.17,32.82,24,1569,377.0,715,321,3.1146,NEAR OCEAN,187500
-117.16,32.81,14,4328,1100.0,2046,1044,2.2899,NEAR OCEAN,159000
-117.16,32.81,35,1213,200.0,532,181,3.6806,NEAR OCEAN,172400
-117.16,32.8,37,422,79.0,211,80,3.0625,NEAR OCEAN,159700
-117.16,32.8,22,2259,634.0,1213,601,2.5,NEAR OCEAN,177800
-117.16,32.81,34,2275,375.0,1021,379,3.6371,NEAR OCEAN,176300
-117.17,32.81,33,3064,506.0,1355,488,4.22,NEAR OCEAN,178700
-117.14,32.83,25,2161,462.0,896,468,2.2284,NEAR OCEAN,177500
-117.18,32.82,25,1756,301.0,722,312,4.5625,NEAR OCEAN,162300
-117.18,32.81,28,3436,537.0,1503,498,4.7679,NEAR OCEAN,204000
-117.18,32.8,30,2456,390.0,1022,393,3.8542,NEAR OCEAN,198500
-117.18,32.79,30,5201,1104.0,2961,1064,3.2661,NEAR OCEAN,140400
-117.17,32.79,44,2262,647.0,3009,657,2.2663,NEAR OCEAN,123600
-117.17,32.79,43,1269,297.0,946,285,2.1447,NEAR OCEAN,133300
-117.16,32.8,25,1399,329.0,1308,355,2.5682,NEAR OCEAN,187500
-117.17,32.8,20,2827,554.0,1822,536,3.4706,NEAR OCEAN,157600
-117.15,32.8,27,1937,537.0,1211,482,2.75,NEAR OCEAN,87500
-117.15,32.8,23,2395,476.0,2284,488,3.7292,NEAR OCEAN,146300
-117.16,32.78,24,3566,765.0,1697,722,3.6375,NEAR OCEAN,178600
-117.16,32.79,32,1731,413.0,1569,427,3.3375,NEAR OCEAN,154300
-117.17,32.78,17,3845,1051.0,3102,944,2.3658,NEAR OCEAN,164100
-117.16,32.78,34,2515,488.0,1594,515,3.7381,NEAR OCEAN,165000
-117.17,32.78,42,1104,305.0,892,270,2.2768,NEAR OCEAN,145200
-117.17,32.77,35,1399,274.0,695,281,3.767,NEAR OCEAN,166800
-117.17,32.77,6,3856,875.0,1547,816,4.5481,NEAR OCEAN,164800
-117.18,32.77,16,2374,780.0,913,705,2.7386,NEAR OCEAN,87500
-117.18,32.76,8,3694,997.0,1297,807,3.6492,NEAR OCEAN,158900
-117.18,32.76,17,711,254.0,327,227,2.6493,NEAR OCEAN,67500
-117.18,32.77,23,1215,225.0,592,224,3.4,NEAR OCEAN,200600
-117.2,32.8,34,4854,912.0,2089,854,3.8542,NEAR OCEAN,200000
-117.19,32.8,16,2593,794.0,1235,684,3.1304,NEAR OCEAN,166300
-117.2,32.8,36,4018,1067.0,1620,842,2.3599,NEAR OCEAN,168400
-117.2,32.79,34,757,212.0,409,222,3.2312,NEAR OCEAN,192200
-117.19,32.77,16,3273,670.0,1305,671,4.1368,NEAR OCEAN,151000
-117.19,32.77,9,634,152.0,248,133,3.8571,NEAR OCEAN,143800
-117.19,32.77,14,3575,992.0,1645,839,2.4397,NEAR OCEAN,140600
-117.2,32.77,30,156,45.0,77,40,3.2679,NEAR OCEAN,137500
-117.2,32.77,31,1952,471.0,936,462,2.8621,NEAR OCEAN,196900
-117.15,32.81,34,1629,318.0,900,282,3.1458,NEAR OCEAN,178300
-117.15,32.8,41,1413,261.0,1070,259,2.3578,NEAR OCEAN,166700
-117.14,32.8,41,2423,469.0,1813,466,2.1157,NEAR OCEAN,156900
-117.14,32.8,33,2670,435.0,1256,431,3.9417,NEAR OCEAN,179800
-117.14,32.8,35,1267,212.0,710,204,2.5368,NEAR OCEAN,169600
-117.14,32.79,35,3578,582.0,1568,553,4.7813,NEAR OCEAN,188600
-117.15,32.78,25,1577,266.0,611,284,5.25,NEAR OCEAN,205100
-117.14,32.79,31,984,161.0,422,158,5.282,NEAR OCEAN,183000
-117.13,32.81,19,2157,554.0,1349,535,2.7652,NEAR OCEAN,177400
-117.14,32.81,34,1748,294.0,800,294,4.4886,NEAR OCEAN,179100
-117.13,32.8,15,1606,375.0,784,342,3.7237,NEAR OCEAN,108300
-117.13,32.8,33,2731,456.0,1263,445,4.5568,NEAR OCEAN,175300
-117.12,32.8,29,2863,534.0,1392,522,3.8719,NEAR OCEAN,174200
-117.13,32.81,26,2119,444.0,1202,440,3.2308,NEAR OCEAN,166500
-117.12,32.8,31,1727,342.0,879,345,3.8125,NEAR OCEAN,166300
-117.13,32.8,35,2129,382.0,1044,350,3.9732,NEAR OCEAN,174900
-117.13,32.79,35,1458,262.0,723,257,4.2098,NEAR OCEAN,174100
-117.13,32.79,35,1362,243.0,698,255,3.6458,NEAR OCEAN,173800
-117.12,32.78,4,2782,817.0,1309,787,4.2621,NEAR OCEAN,124200
-117.15,32.77,16,2056,631.0,847,569,2.9576,NEAR OCEAN,92200
-117.11,32.82,16,3980,682.0,3174,647,2.6607,NEAR OCEAN,175000
-117.11,32.82,17,1787,330.0,1341,314,2.875,NEAR OCEAN,112500
-117.11,32.81,15,3428,491.0,2303,486,2.5953,NEAR OCEAN,67500
-117.11,32.8,17,3890,586.0,2791,595,3.2197,NEAR OCEAN,67500
-117.09,32.8,15,666,152.0,247,164,2.15,NEAR OCEAN,131300
-117.11,32.82,16,4241,892.0,1771,864,4.375,NEAR OCEAN,166500
-117.08,32.8,25,2963,552.0,1162,556,3.625,NEAR OCEAN,184500
-117.09,32.79,20,2183,534.0,999,496,2.8631,NEAR OCEAN,169700
-117.09,32.8,36,2163,367.0,915,360,4.7188,NEAR OCEAN,174100
-117.08,32.8,32,1587,268.0,635,249,3.375,NEAR OCEAN,178100
-117.11,32.79,16,2574,771.0,1129,721,3.3849,NEAR OCEAN,96900
-117.11,32.79,16,1791,518.0,1006,491,3.5179,NEAR OCEAN,129300
-117.11,32.78,16,2470,830.0,1170,724,3.5562,NEAR OCEAN,73500
-117.11,32.78,16,2220,512.0,930,527,3.6528,NEAR OCEAN,133200
-117.09,32.79,36,1529,266.0,683,260,4.0982,NEAR OCEAN,171200
-117.09,32.79,36,1936,345.0,861,343,3.8333,NEAR OCEAN,170000
-117.09,32.79,31,2019,417.0,872,386,3.1964,NEAR OCEAN,177700
-117.09,32.78,28,1708,393.0,816,393,2.9881,NEAR OCEAN,165300
-117.07,32.79,36,3583,642.0,1711,602,3.9745,NEAR OCEAN,170800
-117.05,32.59,26,1919,345.0,1326,341,4.2679,NEAR OCEAN,131900
-117.06,32.59,13,3920,775.0,2814,760,4.0616,NEAR OCEAN,148800
-117.05,32.58,22,2101,399.0,1551,371,4.1518,NEAR OCEAN,136900
-117.06,32.58,17,2724,567.0,2213,554,3.8529,NEAR OCEAN,147700
-117.06,32.58,13,3435,708.0,1761,699,3.4792,NEAR OCEAN,107600
-117.06,32.58,11,2879,679.0,2098,673,3.5125,NEAR OCEAN,142400
-117.06,32.57,16,1269,282.0,1609,298,2.6985,NEAR OCEAN,156500
-117.04,32.58,14,2355,406.0,1883,401,5.0311,NEAR OCEAN,152100
-117.04,32.58,20,2029,357.0,1497,353,4.0089,NEAR OCEAN,132100
-117.05,32.58,23,1918,339.0,1392,340,4.087,NEAR OCEAN,134800
-117.05,32.58,25,2185,370.0,1558,369,5.3072,NEAR OCEAN,132700
-117.05,32.57,22,2857,516.0,2412,496,4.7337,NEAR OCEAN,127600
-117.06,32.57,25,1268,282.0,991,299,3.0284,NEAR OCEAN,123600
-117.06,32.57,17,2252,378.0,1776,365,4.6364,NEAR OCEAN,141100
-117.05,32.57,13,2880,576.0,2450,567,3.1696,NEAR OCEAN,138000
-117.05,32.56,18,1215,320.0,1195,349,1.9875,NEAR OCEAN,114900
-117.05,32.56,17,985,233.0,811,223,2.875,NEAR OCEAN,134500
-117.06,32.57,18,1384,311.0,1429,287,1.3362,NEAR OCEAN,95000
-116.97,32.56,23,1262,294.0,5176,275,2.5625,NEAR OCEAN,153300
-117.04,32.55,15,2206,648.0,2511,648,1.6348,NEAR OCEAN,93200
-117.05,32.56,22,2172,563.0,2049,524,2.0159,NEAR OCEAN,139300
-117.06,32.56,17,2803,683.0,2768,676,1.7958,NEAR OCEAN,140400
-117.06,32.56,5,2706,925.0,3148,855,1.7301,NEAR OCEAN,125000
-117.06,32.55,5,3223,940.0,3284,854,1.4384,NEAR OCEAN,108800
-117.04,32.54,7,938,297.0,1187,282,1.2667,NEAR OCEAN,67500
-117.1,32.59,21,2350,667.0,1621,613,2.0734,NEAR OCEAN,87500
-117.1,32.58,23,1662,377.0,1318,386,2.3,NEAR OCEAN,120800
-117.1,32.58,17,2046,559.0,1585,530,2.25,NEAR OCEAN,132800
-117.1,32.58,33,393,76.0,330,80,4.1029,NEAR OCEAN,122700
-117.1,32.58,29,1061,202.0,759,206,4.8646,NEAR OCEAN,136800
-117.1,32.57,26,2343,371.0,1221,372,4.3601,NEAR OCEAN,144900
-117.1,32.56,16,2687,501.0,1502,480,3.75,NEAR OCEAN,146800
-117.07,32.57,17,2961,634.0,1911,615,2.5859,NEAR OCEAN,131400
-117.08,32.57,18,2203,544.0,1943,497,2.25,NEAR OCEAN,103200
-117.07,32.57,14,1527,357.0,1224,363,2.7361,NEAR OCEAN,93600
-117.07,32.56,9,3648,895.0,3293,840,3.0992,NEAR OCEAN,142600
-117.08,32.59,8,2888,662.0,2441,683,2.7048,NEAR OCEAN,153000
-117.08,32.58,15,1462,274.0,1002,271,3.9698,NEAR OCEAN,142700
-117.08,32.58,22,2128,477.0,1420,450,3.2687,NEAR OCEAN,131000
-117.07,32.58,25,1607,280.0,899,260,3.8194,NEAR OCEAN,134400
-117.09,32.58,12,2565,567.0,1785,545,3.0273,NEAR OCEAN,135300
-117.08,32.57,9,6298,1512.0,4451,1456,2.569,NEAR OCEAN,88300
-117.09,32.57,23,1817,323.0,1371,327,3.6736,NEAR OCEAN,139500
-117.09,32.57,10,2198,368.0,1645,350,4.5547,NEAR OCEAN,160700
-117.09,32.57,17,444,83.0,357,87,5.1478,NEAR OCEAN,138900
-117.09,32.56,8,864,156.0,626,172,4.8984,NEAR OCEAN,151500
-117.09,32.55,8,6533,1217.0,4797,1177,3.9583,NEAR OCEAN,144400
-117.12,32.58,34,2003,466.0,1226,443,3.0613,NEAR OCEAN,136700
-117.12,32.57,21,1738,295.0,983,298,4.8274,NEAR OCEAN,174100
-117.13,32.58,27,2511,615.0,1427,576,3.1645,NEAR OCEAN,156000
-117.13,32.58,32,1870,437.0,1142,426,2.3194,NEAR OCEAN,159400
-117.13,32.58,27,1417,373.0,814,348,2.3603,NEAR OCEAN,195300
-117.11,32.58,28,1869,407.0,1074,344,2.5988,NEAR OCEAN,135600
-117.11,32.57,32,2723,586.0,1702,562,3.3371,NEAR OCEAN,140500
-117.12,32.57,35,1450,256.0,930,286,2.6715,NEAR OCEAN,133300
-117.12,32.58,26,1360,309.0,869,328,3.0217,NEAR OCEAN,131600
-117.11,32.58,21,2894,685.0,2109,712,2.2755,NEAR OCEAN,125000
-117.1,32.58,27,2616,591.0,1889,577,2.3824,NEAR OCEAN,127600
-117.1,32.57,14,5058,1299.0,3662,1193,2.3253,NEAR OCEAN,133700
-117.11,32.59,17,2020,534.0,1529,500,2.1773,NEAR OCEAN,143200
-117.11,32.58,12,1086,294.0,870,290,2.4213,NEAR OCEAN,132500
-117.11,32.59,18,2329,580.0,1538,567,2.1179,NEAR OCEAN,153100
-117.12,32.59,28,2793,706.0,1825,676,2.6724,NEAR OCEAN,144500
-117.16,32.58,36,1940,399.0,1076,382,3.3906,NEAR OCEAN,147800
-117.17,32.63,26,1617,279.0,2745,250,3.5357,NEAR OCEAN,67500
-117.17,32.68,16,5895,1424.0,873,522,7.3669,NEAR OCEAN,187500
-117.11,32.68,36,26,14.0,58,23,1.9107,NEAR OCEAN,125000
-117.11,32.67,43,515,146.0,445,140,1.6094,NEAR OCEAN,93000
-117.11,32.67,46,928,236.0,790,235,1.6806,NEAR OCEAN,92500
-117.11,32.67,52,204,74.0,248,57,1.7961,NEAR OCEAN,47500
-117.12,32.66,52,16,4.0,8,3,1.125,NEAR OCEAN,60000
-117.11,32.67,52,280,71.0,217,71,1.4844,NEAR OCEAN,83300
-117.11,32.66,52,25,5.0,14,9,1.625,NEAR OCEAN,118800
-117.09,32.67,37,1157,332.0,983,306,2.0972,NEAR OCEAN,117000
-117.09,32.66,38,833,206.0,570,182,1.8333,NEAR OCEAN,127100
-117.09,32.66,37,1232,330.0,1086,330,1.6389,NEAR OCEAN,114300
-117.1,32.66,27,1782,560.0,1785,560,2.1542,NEAR OCEAN,106300
-117.1,32.67,26,2629,763.0,2721,767,2.0982,NEAR OCEAN,109100
-117.1,32.67,22,1690,541.0,1669,494,2.0213,NEAR OCEAN,110600
-117.09,32.68,30,2662,653.0,1997,605,2.8089,NEAR OCEAN,120600
-117.09,32.67,31,2051,549.0,1581,538,2.052,NEAR OCEAN,108900
-117.1,32.67,15,1635,553.0,1347,597,1.2745,NEAR OCEAN,92900
-117.1,32.68,20,1012,269.0,837,240,2.0488,NEAR OCEAN,88900
-117.1,32.69,29,4174,1195.0,3675,1124,1.8112,NEAR OCEAN,103600
-117.1,32.68,42,2013,568.0,1920,557,2.0724,NEAR OCEAN,107600
-117.1,32.68,47,771,224.0,637,212,2.0156,NEAR OCEAN,90300
-117.1,32.68,49,1412,350.0,1200,332,2.0398,NEAR OCEAN,93600
-117.1,32.68,47,1044,274.0,1003,280,1.7802,NEAR OCEAN,97800
-117.1,32.68,45,1183,289.0,900,266,2.4943,NEAR OCEAN,99600
-117.07,32.69,29,1429,293.0,1091,317,3.4609,NEAR OCEAN,118000
-117.08,32.69,31,2558,487.0,1938,492,3.4875,NEAR OCEAN,117000
-117.08,32.69,36,1571,284.0,1001,268,3.6875,NEAR OCEAN,111400
-117.09,32.69,34,1469,267.0,1031,267,3.4583,NEAR OCEAN,112700
-117.09,32.68,29,1792,449.0,1650,396,2.2201,NEAR OCEAN,100000
-117.07,32.69,28,1485,275.0,820,283,4.069,NEAR OCEAN,153300
-117.08,32.68,26,3071,615.0,2156,568,2.9318,NEAR OCEAN,112400
-117.08,32.68,19,3635,1078.0,3127,1098,1.324,NEAR OCEAN,122600
-117.09,32.68,20,2569,737.0,2341,705,2.0114,NEAR OCEAN,104900
-117.07,32.67,28,2758,623.0,2179,631,2.3814,NEAR OCEAN,112300
-117.08,32.67,31,3008,764.0,2088,757,2.5662,NEAR OCEAN,118200
-117.09,32.66,46,844,147.0,423,161,3.375,NEAR OCEAN,136300
-117.08,32.66,43,1004,236.0,839,235,2.81,NEAR OCEAN,103400
-117.07,32.67,35,3200,725.0,1723,610,1.8977,NEAR OCEAN,95600
-117.07,32.65,12,4131,891.0,2272,840,3.4701,NEAR OCEAN,204900
-117.07,32.64,32,5135,1025.0,2152,944,4.1325,NEAR OCEAN,172800
-117.08,32.64,43,1005,230.0,548,252,1.8672,NEAR OCEAN,145800
-117.08,32.65,17,2633,712.0,1487,694,2.5392,NEAR OCEAN,147000
-117.08,32.64,38,917,256.0,494,233,1.9241,NEAR OCEAN,150000
-117.08,32.64,11,1651,533.0,947,515,1.6806,NEAR OCEAN,141700
-117.09,32.65,20,1445,323.0,573,334,2.6189999999999998,NEAR OCEAN,145800
-117.09,32.65,25,3509,985.0,2359,899,2.6296,NEAR OCEAN,150000
-117.08,32.65,28,2296,603.0,1277,550,2.3562,NEAR OCEAN,123800
-117.09,32.64,38,2095,536.0,1240,550,2.7218,NEAR OCEAN,145900
-117.09,32.64,30,3171,862.0,2126,800,2.5069999999999997,NEAR OCEAN,142700
-117.1,32.64,29,1578,460.0,1236,461,2.5658,NEAR OCEAN,134700
-117.09,32.64,20,1999,651.0,1302,592,1.6321,NEAR OCEAN,57500
-117.09,32.64,19,2571,791.0,1205,783,1.62,NEAR OCEAN,131300
-117.09,32.63,27,2920,770.0,1935,746,2.4148,NEAR OCEAN,67500
-117.11,32.64,23,1619,447.0,1025,415,1.858,NEAR OCEAN,67500
-117.11,32.62,27,1846,509.0,1078,482,2.1719,NEAR OCEAN,131500
-117.09,32.62,37,1538,298.0,867,285,3.0729,NEAR OCEAN,128700
-117.09,32.62,37,1925,428.0,1344,426,2.4866,NEAR OCEAN,129700
-117.09,32.62,34,1576,364.0,1153,381,2.1955,NEAR OCEAN,129700
-117.08,32.63,33,2891,793.0,1607,754,2.1281,NEAR OCEAN,139800
-117.09,32.64,24,3613,973.0,2002,931,1.9469999999999998,NEAR OCEAN,147500
-117.09,32.63,33,620,161.0,420,164,1.8417,NEAR OCEAN,150000
-117.07,32.64,38,1486,269.0,745,295,4.6477,NEAR OCEAN,150400
-117.07,32.63,37,2303,379.0,1026,357,3.455,NEAR OCEAN,156900
-117.07,32.64,30,2873,774.0,1593,731,2.24,NEAR OCEAN,129500
-117.06,32.63,37,1326,234.0,612,240,4.125,NEAR OCEAN,160200
-117.06,32.62,36,786,125.0,408,138,3.9167,NEAR OCEAN,189700
-117.07,32.63,40,1706,322.0,796,303,3.5583,NEAR OCEAN,154900
-117.07,32.63,37,2372,444.0,1056,419,3.7583,NEAR OCEAN,145500
-117.08,32.63,30,2504,559.0,1827,490,2.6146,NEAR OCEAN,159400
-117.08,32.63,28,2080,427.0,1266,434,2.2788,NEAR OCEAN,146300
-117.08,32.62,28,2468,506.0,1353,522,3.0771,NEAR OCEAN,158600
-117.08,32.62,36,1674,309.0,818,307,3.4773,NEAR OCEAN,150400
-117.09,32.61,23,1157,309.0,640,313,2.1548,NEAR OCEAN,118800
-117.09,32.61,21,1945,430.0,1335,419,3.6467,NEAR OCEAN,113000
-117.08,32.62,16,5192,1381.0,3261,1321,2.2685,NEAR OCEAN,151900
-117.08,32.61,27,2264,525.0,1485,468,3.3514,NEAR OCEAN,149100
-117.07,32.62,19,5016,1173.0,2750,1081,2.7838,NEAR OCEAN,155900
-117.06,32.61,34,4325,1015.0,2609,979,2.8489,NEAR OCEAN,128300
-117.07,32.61,22,5016,1331.0,3222,1196,2.1441,NEAR OCEAN,135500
-117.07,32.6,18,2602,551.0,1042,550,1.9267,NEAR OCEAN,67500
-117.07,32.59,21,1779,466.0,1327,488,1.6007,NEAR OCEAN,96200
-117.08,32.59,30,144,52.0,220,48,2.3929,NEAR OCEAN,134400
-117.08,32.6,24,1901,490.0,1334,476,2.2544,NEAR OCEAN,121900
-117.07,32.61,10,1686,414.0,1000,391,2.1765,NEAR OCEAN,128400
-117.06,32.61,24,4369,1353.0,3123,1247,2.0571,NEAR OCEAN,152300
-117.06,32.61,23,1630,362.0,1267,418,2.5625,NEAR OCEAN,131100
-117.07,32.6,13,1607,435.0,983,400,2.2903,NEAR OCEAN,106300
-117.06,32.6,25,1075,238.0,434,234,1.7472,NEAR OCEAN,94600
-117.06,32.6,24,1088,268.0,1095,246,2.4191,NEAR OCEAN,107300
-117.06,32.6,33,905,205.0,989,222,2.7014,NEAR OCEAN,108200
-117.05,32.63,31,4911,861.0,2334,843,4.1958,NEAR OCEAN,160100
-117.05,32.62,34,3928,686.0,2315,681,4.2851,NEAR OCEAN,144500
-117.04,32.62,26,3620,607.0,2000,593,4.9962,NEAR OCEAN,156000
-117.05,32.61,31,4033,715.0,2585,715,3.5096,NEAR OCEAN,139900
-117.05,32.61,21,6034,1205.0,3795,1146,3.2633,NEAR OCEAN,129700
-117.05,32.61,26,1563,286.0,1145,313,3.8615,NEAR OCEAN,139300
-117.04,32.6,20,8052,1461.0,5094,1430,4.2241,NEAR OCEAN,139800
-117.04,32.6,18,4747,846.0,3002,872,3.9076,NEAR OCEAN,152900
-117.05,32.59,16,4683,929.0,3073,865,3.0495,NEAR OCEAN,98300
-117.04,32.63,26,2074,356.0,1228,335,4.1154,NEAR OCEAN,160200
-117.04,32.62,27,1710,282.0,1089,297,4.6793,NEAR OCEAN,151900
-117.03,32.61,23,1553,216.0,778,229,5.1538,NEAR OCEAN,171300
-117.03,32.61,22,1028,148.0,523,152,6.0086,NEAR OCEAN,166900
-117.03,32.6,26,1335,224.0,742,215,5.152,NEAR OCEAN,143400
-117.02,32.59,19,1902,335.0,1102,313,3.0365,NEAR OCEAN,98100
-116.98,32.62,6,7995,1458.0,4771,1376,4.7068,NEAR OCEAN,184300
-117.06,32.64,30,4494,667.0,1883,680,5.766,NEAR OCEAN,186100
-117.06,32.63,29,4168,742.0,2096,713,4.2204,NEAR OCEAN,169800
-116.98,32.68,22,2346,380.0,1217,382,5.5248,NEAR OCEAN,156300
-116.99,32.64,15,4331,699.0,2046,627,3.9519,NEAR OCEAN,193500
-117.0,32.64,11,3098,490.0,1391,484,4.9792,NEAR OCEAN,170400
-117.04,32.63,26,2756,422.0,1166,398,5.1354,NEAR OCEAN,181600
-117.01,32.73,22,2526,530.0,1556,529,2.8646,NEAR OCEAN,120800
-117.0,32.72,10,3817,943.0,2352,875,2.1362,NEAR OCEAN,143200
-117.01,32.72,12,2914,734.0,2104,703,2.3068,NEAR OCEAN,132300
-116.99,32.7,15,3660,622.0,2629,612,4.0444,NEAR OCEAN,150100
-117.0,32.7,23,2785,468.0,1456,449,4.3714,NEAR OCEAN,131000
-116.99,32.71,21,3049,582.0,2355,585,3.8904,NEAR OCEAN,113800
-117.0,32.71,22,2263,441.0,1395,416,3.725,NEAR OCEAN,123500
-117.01,32.71,20,3506,692.0,1977,668,2.9810000000000003,NEAR OCEAN,129100
-117.02,32.74,30,4205,772.0,2012,734,3.5,NEAR OCEAN,144700
-117.03,32.73,34,2061,,1169,400,3.5096,NEAR OCEAN,142000
-117.03,32.73,32,1750,333.0,997,335,3.4784,NEAR OCEAN,154400
-117.03,32.74,37,821,150.0,404,135,3.0125,NEAR OCEAN,130400
-117.02,32.73,22,5201,865.0,3280,817,4.7952,NEAR OCEAN,141400
-117.02,32.72,36,2030,369.0,1142,357,3.7763,NEAR OCEAN,126900
-117.03,32.73,38,3174,606.0,1557,619,3.5861,NEAR OCEAN,123600
-117.03,32.72,38,886,176.0,505,188,3.5938,NEAR OCEAN,125400
-117.03,32.72,37,2192,455.0,1515,446,3.0588,NEAR OCEAN,120600
-117.04,32.72,24,5474,955.0,3020,904,4.0813,NEAR OCEAN,137000
-117.04,32.73,36,2084,400.0,1097,398,3.2717,NEAR OCEAN,130700
-117.04,32.73,25,1375,267.0,1032,278,3.5492,NEAR OCEAN,125400
-117.05,32.72,35,3669,617.0,1694,585,3.9485,NEAR OCEAN,133900
-117.05,32.73,27,3184,588.0,1763,571,3.5529,NEAR OCEAN,133900
-117.03,32.74,35,1878,454.0,991,409,2.4345,NEAR OCEAN,129700
-117.04,32.74,33,3880,770.0,2288,805,3.6848,NEAR OCEAN,140700
-117.02,32.74,12,3301,963.0,2000,879,1.8594,NEAR OCEAN,119200
-117.04,32.74,5,2878,785.0,1727,758,1.7179,NEAR OCEAN,132000
-117.04,32.75,36,2297,418.0,1070,392,3.5192,NEAR OCEAN,144000
-117.05,32.75,29,2767,612.0,1437,587,2.8306,NEAR OCEAN,142900
-117.05,32.75,43,1718,344.0,826,336,2.7014,NEAR OCEAN,133700
-117.03,32.75,24,7879,1655.0,3898,1534,3.0897,NEAR OCEAN,187300
-117.04,32.76,43,3171,665.0,1534,625,3.141,NEAR OCEAN,141400
-117.05,32.76,37,4879,906.0,2076,871,3.6625,NEAR OCEAN,154800
-117.04,32.76,37,2979,557.0,1285,564,3.7368,NEAR OCEAN,152200
-117.24,33.05,15,3029,555.0,1559,546,5.3129,NEAR OCEAN,169200
-117.24,33.04,13,3498,663.0,1412,618,3.2119999999999997,NEAR OCEAN,147600
-117.27,33.03,16,2240,443.0,1104,416,3.5313,NEAR OCEAN,148700
-117.27,33.05,15,3333,808.0,1371,737,2.9083,NEAR OCEAN,122400
-117.29,33.13,4,617,105.0,224,105,3.9205,NEAR OCEAN,183000
-117.31,33.11,7,7974,1703.0,2904,1550,4.1282,NEAR OCEAN,188100
-117.29,33.12,4,1380,322.0,755,286,4.7961,NEAR OCEAN,168800
-117.35,33.17,16,4595,1341.0,2849,1197,2.478,NEAR OCEAN,185600
-117.34,33.16,24,1006,277.0,610,246,2.25,NEAR OCEAN,187500
-117.34,33.15,19,5710,1423.0,4163,1406,3.0306,NEAR OCEAN,178500
-117.35,33.16,10,1684,515.0,902,449,3.7891,NEAR OCEAN,206300
-117.36,33.18,26,5550,1153.0,2372,1058,2.5509,NEAR OCEAN,181800
-117.36,33.18,39,1546,291.0,833,308,2.8893,NEAR OCEAN,185400
-117.35,33.17,36,1977,423.0,812,387,3.625,NEAR OCEAN,198000
-117.37,33.19,23,4104,1274.0,4729,1187,1.8214,NEAR OCEAN,173800
-117.37,33.19,18,975,382.0,650,286,1.9562,NEAR OCEAN,192500
-117.37,33.19,38,861,213.0,486,204,4.1875,NEAR OCEAN,185000
-117.38,33.19,35,928,264.0,538,248,2.4583,NEAR OCEAN,197900
-117.38,33.2,17,1877,581.0,1288,426,1.9386,NEAR OCEAN,106300
-117.37,33.2,19,928,317.0,845,319,1.6318,NEAR OCEAN,187500
-117.38,33.19,17,353,112.0,359,118,1.5625,NEAR OCEAN,162500
-117.38,33.2,26,1427,386.0,974,317,1.3903,NEAR OCEAN,184400
-117.36,33.2,19,1926,557.0,1190,483,1.3269,NEAR OCEAN,166100
-117.36,33.2,19,2129,562.0,1323,525,2.9539,NEAR OCEAN,169900
-117.36,33.2,26,2447,482.0,1405,486,3.2917,NEAR OCEAN,150800
-117.35,33.2,23,3297,728.0,1793,622,2.5754,NEAR OCEAN,169700
-117.35,33.21,24,1586,262.0,912,298,4.25,NEAR OCEAN,150300
-117.34,33.21,23,2062,376.0,1302,379,4.0109,NEAR OCEAN,145700
-117.35,33.2,32,1251,220.0,700,232,3.9875,NEAR OCEAN,142900
-117.35,33.19,28,2823,476.0,1189,433,5.1733,NEAR OCEAN,198100
-117.33,33.19,15,3672,845.0,1827,796,2.9716,NEAR OCEAN,173600
-117.32,33.23,24,2580,604.0,982,569,1.6402,NEAR OCEAN,169300
-117.32,33.22,15,4784,1039.0,1810,986,2.4375,NEAR OCEAN,108900
-117.33,33.22,21,2868,602.0,855,559,2.7846,NEAR OCEAN,91200
-117.32,33.22,16,1057,232.0,316,221,2.7417,NEAR OCEAN,91700
-117.33,33.21,17,1246,300.0,424,288,2.2882,NEAR OCEAN,85800
-117.3,33.22,4,14960,2988.0,6666,2612,3.7568,NEAR OCEAN,184100
-117.29,33.2,16,2150,461.0,1428,407,2.4754,NEAR OCEAN,157300
-117.31,33.18,16,1835,430.0,599,399,2.0147,NEAR OCEAN,87700
-117.29,33.19,18,6235,1233.0,4127,1162,3.0704,NEAR OCEAN,151600
-117.28,33.2,20,4835,854.0,2983,834,4.3428,NEAR OCEAN,152100
-117.37,33.22,35,2204,482.0,1435,462,3.676,NEAR OCEAN,125600
-117.35,33.23,4,1837,287.0,934,277,3.8958,NEAR OCEAN,189800
-117.35,33.21,18,2971,606.0,2051,493,2.675,NEAR OCEAN,117100
-117.38,33.21,31,1502,367.0,1514,342,2.6442,NEAR OCEAN,103300
-117.37,33.2,29,1315,311.0,1425,306,2.0272,NEAR OCEAN,99600
-117.34,33.23,11,3737,757.0,2212,727,3.1062,NEAR OCEAN,141000
-117.33,33.23,15,2919,592.0,1130,579,2.5872,NEAR OCEAN,155600
-117.33,33.23,15,1905,416.0,1258,388,3.33,NEAR OCEAN,127900
-117.33,33.24,13,4543,881.0,2298,870,2.9386,NEAR OCEAN,143400
-117.28,33.2,11,1472,261.0,1012,285,4.21,NEAR OCEAN,175600
-117.27,33.19,8,973,289.0,663,209,2.7239999999999998,NEAR OCEAN,139300
-117.28,33.19,5,2697,639.0,1633,580,3.4456,NEAR OCEAN,165800
-117.26,33.19,2,2629,509.0,1044,522,4.2361,NEAR OCEAN,158500
-117.3,33.17,6,7880,1533.0,3760,1460,4.1807,NEAR OCEAN,182600
-117.29,33.18,15,3780,792.0,1632,721,2.7644,NEAR OCEAN,111400
-117.29,33.18,17,821,176.0,436,168,3.1667,NEAR OCEAN,160600
-117.28,33.18,16,3002,591.0,842,538,2.1205,NEAR OCEAN,157300
-117.28,33.18,14,676,118.0,384,126,6.2096,NEAR OCEAN,178100
-117.29,33.15,11,2560,445.0,952,448,4.0625,NEAR OCEAN,87500
-117.21,33.13,15,1889,368.0,754,409,2.2278,NEAR OCEAN,132800
-117.21,33.13,19,3068,596.0,912,554,3.775,NEAR OCEAN,168000
-117.25,33.1,14,3676,720.0,1176,614,3.9464,NEAR OCEAN,171900
-122.48,37.72,45,1405,338.0,733,342,4.1116,NEAR OCEAN,187500
-122.48,37.72,46,2403,638.0,1281,603,3.2321,NEAR OCEAN,112500
-120.85,35.38,27,3493,909.0,1481,666,2.3075,NEAR OCEAN,184200
-120.86,35.39,23,1664,355.0,629,279,2.7344,NEAR OCEAN,188300
-120.86,35.4,21,2787,641.0,1106,501,2.7043,NEAR OCEAN,186200
-120.84,35.37,34,3279,714.0,1397,646,2.5552,NEAR OCEAN,200000
-120.83,35.33,14,4155,787.0,2112,755,4.4766,NEAR OCEAN,192700
-120.83,35.32,11,3252,701.0,1814,660,3.2226,NEAR OCEAN,183200
-120.84,35.32,15,2419,538.0,1279,522,3.4762,NEAR OCEAN,189600
-120.84,35.32,17,4197,802.0,1656,732,3.5260000000000002,NEAR OCEAN,183900
-120.84,35.31,23,3100,603.0,1515,609,2.8493,NEAR OCEAN,196100
-121.1,35.6,20,3389,704.0,1309,520,3.2112,NEAR OCEAN,204500
-120.66,35.29,16,2272,629.0,1689,649,1.7031,NEAR OCEAN,195000
-120.65,35.28,32,896,240.0,548,231,2.5455,NEAR OCEAN,165900
-120.66,35.28,46,2054,502.0,1170,494,2.1786,NEAR OCEAN,206300
-120.66,35.27,46,2217,544.0,1107,527,2.8009,NEAR OCEAN,192600
-120.66,35.27,33,1664,455.0,1077,461,1.6875,NEAR OCEAN,174200
-120.69,35.34,16,164,30.0,542,32,1.6563,NEAR OCEAN,42500
-122.45,37.69,17,2359,501.0,884,504,3.0625,NEAR OCEAN,87500
-122.46,37.67,16,3372,1101.0,2049,1021,4.1303,NEAR OCEAN,146500
-122.42,37.61,17,1040,432.0,669,405,4.1513,NEAR OCEAN,137500
-122.43,37.63,15,2748,997.0,1447,901,3.5214,NEAR OCEAN,144200
-122.21,37.47,33,1266,415.0,1991,334,2.92,NEAR OCEAN,202800
-122.22,37.47,35,367,113.0,398,109,2.5,NEAR OCEAN,166700
-120.09,34.61,11,586,125.0,317,74,2.8906,NEAR OCEAN,84400
-120.45,34.86,23,3415,778.0,1492,633,2.2791,NEAR OCEAN,114800
-120.57,34.96,27,1401,294.0,1306,286,2.5809,NEAR OCEAN,83200
-120.57,34.96,38,1145,297.0,1107,296,2.1776,NEAR OCEAN,89100
-120.64,34.97,5,2090,469.0,1911,482,2.4318,NEAR OCEAN,86100
-120.6,34.91,44,711,140.0,384,116,2.1094,NEAR OCEAN,73800
-120.59,34.7,29,17738,3114.0,12427,2826,2.7377,NEAR OCEAN,28300
-120.48,34.7,26,3069,518.0,1524,539,4.3162,NEAR OCEAN,136400
-120.46,34.64,11,562,164.0,504,147,2.0161,NEAR OCEAN,118800
-120.46,34.65,22,1298,358.0,1272,363,1.6488,NEAR OCEAN,117500
-120.46,34.64,26,2364,604.0,1520,529,1.9444,NEAR OCEAN,129400
-120.47,34.64,8,2482,586.0,1427,540,3.071,NEAR OCEAN,120400
-120.47,34.65,31,1438,320.0,816,270,2.4583,NEAR OCEAN,128100
-120.46,34.64,16,686,217.0,614,200,0.8106,NEAR OCEAN,83300
-120.44,34.64,8,787,126.0,446,133,4.6023,NEAR OCEAN,163400
-120.45,34.64,30,2330,422.0,1255,449,3.8512,NEAR OCEAN,134600
-120.45,34.64,27,2696,622.0,1322,543,3.0352,NEAR OCEAN,135400
-120.45,34.64,40,1051,235.0,574,201,2.0865,NEAR OCEAN,111500
-120.46,34.65,10,2143,593.0,1167,548,2.0819,NEAR OCEAN,103300
-120.46,34.65,14,885,223.0,533,224,2.5966,NEAR OCEAN,109300
-120.47,34.65,32,2193,430.0,1074,377,2.3333,NEAR OCEAN,130200
-120.47,34.65,16,2549,428.0,1486,432,4.2875,NEAR OCEAN,150700
-120.45,34.65,27,2253,382.0,1197,384,3.3203,NEAR OCEAN,134700
-120.44,34.65,30,2265,512.0,1402,471,1.975,NEAR OCEAN,134000
-120.45,34.65,27,2215,578.0,1544,527,1.9257,NEAR OCEAN,135300
-120.45,34.65,21,1182,243.0,733,251,3.1442,NEAR OCEAN,131600
-120.45,34.65,25,980,276.0,896,245,2.0,NEAR OCEAN,87500
-120.46,34.63,48,1408,301.0,682,279,2.9271,NEAR OCEAN,146600
-120.46,34.64,37,1697,334.0,740,272,2.3804,NEAR OCEAN,148000
-120.47,34.64,16,1912,406.0,1009,417,3.4063,NEAR OCEAN,138000
-120.45,34.64,17,1226,277.0,484,224,3.2167,NEAR OCEAN,112500
-120.45,34.64,34,2571,499.0,1105,451,3.7778,NEAR OCEAN,150000
-120.45,34.63,32,1840,309.0,828,333,4.5486,NEAR OCEAN,172400
-120.44,34.66,22,3231,549.0,1739,581,4.5417,NEAR OCEAN,142400
-120.45,34.66,7,3329,504.0,1462,452,4.7875,NEAR OCEAN,198300
-120.46,34.66,5,2904,702.0,1302,618,3.0081,NEAR OCEAN,135200
-120.47,34.66,4,3376,525.0,1684,535,4.9237,NEAR OCEAN,166600
-120.48,34.66,4,1897,331.0,915,336,4.1563,NEAR OCEAN,172600
-120.48,34.65,26,1933,316.0,1001,319,4.4628,NEAR OCEAN,134400
-120.45,34.63,25,2445,368.0,983,363,4.9286,NEAR OCEAN,180100
-120.47,34.63,23,2441,463.0,1392,434,3.7917,NEAR OCEAN,142200
-120.47,34.7,24,2387,385.0,1051,382,4.4595,NEAR OCEAN,152700
-120.47,34.71,21,2535,383.0,1012,368,5.6177,NEAR OCEAN,183800
-120.43,34.7,26,2353,389.0,1420,389,3.87,NEAR OCEAN,125800
-120.43,34.69,33,2054,373.0,1067,358,3.6023,NEAR OCEAN,128300
-119.85,34.4,14,2307,650.0,5723,615,2.1652,NEAR OCEAN,37500
-119.86,34.38,26,1626,375.0,1580,359,2.1471,NEAR OCEAN,187500
-119.83,34.44,26,1739,402.0,599,368,3.0875,NEAR OCEAN,198400
-119.81,34.44,14,961,305.0,662,286,3.2115,NEAR OCEAN,206300
-119.82,34.43,15,1482,345.0,669,379,3.0773,NEAR OCEAN,112500
-119.82,34.44,16,1414,463.0,793,439,3.6034,NEAR OCEAN,150000
-119.83,34.43,31,798,346.0,699,301,2.1417,NEAR OCEAN,205000
-122.0,37.0,16,32,4.0,36,5,2.625,NEAR OCEAN,137500
-122.02,36.98,21,1484,394.0,984,380,2.1734,NEAR OCEAN,187500
-122.06,37.0,14,1547,374.0,4731,348,2.4732,NEAR OCEAN,131300
-122.02,36.98,21,607,155.0,226,136,1.9063,NEAR OCEAN,166700
-122.02,36.97,29,2568,747.0,1743,659,1.9286,NEAR OCEAN,195300
-122.02,36.96,52,775,305.0,1054,305,2.0172,NEAR OCEAN,112500
-122.04,36.96,32,1438,306.0,802,293,4.1964,NEAR OCEAN,202000
-122.04,36.96,42,538,107.0,200,104,2.1667,NEAR OCEAN,196400
-122.04,36.96,42,1149,264.0,703,232,2.5865,NEAR OCEAN,206400
-122.04,37.0,52,3365,644.0,796,333,2.9712,NEAR OCEAN,116600
-122.25,37.08,20,1201,282.0,601,234,2.5556,NEAR OCEAN,177500
-122.08,37.08,35,1541,297.0,791,277,4.425,NEAR OCEAN,204800
-122.16,37.17,35,6422,1380.0,2755,1064,5.0165,NEAR OCEAN,202300
-122.12,37.16,32,1602,317.0,752,275,5.1664,NEAR OCEAN,185100
-122.11,37.11,46,1993,404.0,850,327,5.207999999999999,NEAR OCEAN,206800
-122.11,37.14,29,3201,640.0,1722,570,4.4597,NEAR OCEAN,204100
-122.13,37.15,39,2854,613.0,1338,518,3.9423,NEAR OCEAN,180300
-122.04,37.12,30,1427,311.0,686,251,4.0781,NEAR OCEAN,154500
-122.02,37.11,36,2066,401.0,942,344,5.2417,NEAR OCEAN,196400
-122.05,37.11,39,1065,248.0,497,208,4.5972,NEAR OCEAN,146300
-122.05,37.05,41,2422,502.0,915,366,4.1679,NEAR OCEAN,201300
-122.08,37.03,36,4682,899.0,2143,832,4.5096,NEAR OCEAN,203700
-122.03,37.05,12,2010,422.0,784,407,3.9728,NEAR OCEAN,190900
-123.04,38.49,30,3977,930.0,1387,582,2.6161,NEAR OCEAN,132500
-123.02,38.46,52,2154,499.0,524,259,2.0556,NEAR OCEAN,120000
-123.01,38.48,37,1179,282.0,354,176,1.3712,NEAR OCEAN,118300
-123.0,38.51,33,1565,390.0,759,311,2.6726,NEAR OCEAN,153100
-123.24,38.7,38,1460,311.0,569,176,2.7171,NEAR OCEAN,131300
-123.25,38.54,27,3658,764.0,1278,518,3.3536,NEAR OCEAN,157500
-123.07,38.46,31,855,217.0,280,139,2.3611,NEAR OCEAN,112500
-119.29,34.37,41,1408,311.0,793,264,2.5441,NEAR OCEAN,161200
-119.3,34.39,35,3079,579.0,1807,589,4.69,NEAR OCEAN,199300
-119.22,34.34,29,3128,672.0,1815,648,2.9821,NEAR OCEAN,175700
-119.14,34.28,31,790,241.0,1095,222,2.25,NEAR OCEAN,75000
-119.21,34.26,31,224,88.0,326,88,2.375,NEAR OCEAN,55000
-119.21,34.26,10,3150,781.0,1582,653,4.2448,NEAR OCEAN,157300
-119.22,34.26,16,2596,625.0,1403,562,3.4018,NEAR OCEAN,145200
-119.2,34.27,8,4942,1173.0,3012,1033,3.445,NEAR OCEAN,203400
-119.2,34.26,13,3009,588.0,1439,607,4.1845,NEAR OCEAN,199500
-119.2,34.25,25,195,59.0,140,43,3.8889,NEAR OCEAN,187500
-119.29,34.3,24,7637,1705.0,4647,1623,3.5385,NEAR OCEAN,186800
-119.3,34.29,41,1445,410.0,1052,388,2.6333,NEAR OCEAN,170800
-119.3,34.29,50,3128,825.0,2535,783,2.3669,NEAR OCEAN,165300
-119.3,34.29,26,3665,932.0,2775,870,1.9286,NEAR OCEAN,160500
-119.29,34.31,25,1092,190.0,702,215,3.9063,NEAR OCEAN,192700
-119.29,34.28,38,2387,748.0,1537,741,2.3147,NEAR OCEAN,192500
-119.3,34.27,17,1527,503.0,688,423,1.6007,NEAR OCEAN,187500
-119.27,34.27,44,1312,279.0,668,278,4.09,NEAR OCEAN,203800
-119.27,34.28,50,1710,412.0,915,380,3.1757,NEAR OCEAN,206300
-119.27,34.27,52,459,112.0,276,107,2.375,NEAR OCEAN,198400
-119.27,34.27,52,1577,343.0,836,335,3.5893,NEAR OCEAN,206600
-119.28,34.27,44,706,176.0,399,149,3.0089,NEAR OCEAN,166700
-119.18,34.24,17,629,221.0,514,186,3.2847,NEAR OCEAN,112500
-119.18,34.22,15,4615,1008.0,2549,973,3.9063,NEAR OCEAN,198700
-119.17,34.22,29,4188,816.0,2783,790,4.1949,NEAR OCEAN,197100
-119.17,34.21,33,1039,256.0,1432,272,3.1103,NEAR OCEAN,143500
-119.16,34.2,35,2183,636.0,3504,623,1.9704,NEAR OCEAN,160300
-119.17,34.2,36,2028,523.0,2751,496,3.015,NEAR OCEAN,149300
-119.17,34.2,40,1083,319.0,1843,349,2.3077,NEAR OCEAN,106900
-119.18,34.19,19,2393,,1938,762,1.6953,NEAR OCEAN,167400
-119.18,34.2,21,494,127.0,489,106,2.6964,NEAR OCEAN,170800
-119.18,34.19,5,384,131.0,410,149,1.5625,NEAR OCEAN,87500
-119.2,34.18,27,1035,229.0,782,222,4.2212,NEAR OCEAN,185400
-119.19,34.19,35,2599,552.0,2726,543,3.2212,NEAR OCEAN,180500
-119.19,34.18,32,3366,677.0,2857,669,4.6186,NEAR OCEAN,181100
-119.18,34.19,36,4519,1081.0,4818,1061,2.8561,NEAR OCEAN,179100
-119.18,34.18,31,2636,638.0,2695,614,3.2196,NEAR OCEAN,175800
-119.17,34.18,38,3221,783.0,2792,736,2.9118,NEAR OCEAN,172400
-119.17,34.17,34,2749,539.0,2330,559,4.2137,NEAR OCEAN,185600
-119.17,34.17,32,1567,304.0,1482,308,3.5867,NEAR OCEAN,182100
-119.17,34.17,42,1411,300.0,1295,339,2.6667,NEAR OCEAN,164900
-119.17,34.17,25,1596,321.0,1378,308,4.0074,NEAR OCEAN,188000
-119.17,34.17,21,2361,464.0,1146,396,3.6597,NEAR OCEAN,195100
-119.19,34.17,31,1872,434.0,1511,405,3.2314,NEAR OCEAN,186800
-119.19,34.17,35,4276,767.0,3295,708,4.2583,NEAR OCEAN,187300
-119.18,34.17,32,2388,467.0,1746,483,3.9331,NEAR OCEAN,187600
-119.18,34.16,30,2053,368.0,1496,391,3.6546,NEAR OCEAN,186200
-119.19,34.17,27,2183,364.0,1458,388,4.4567,NEAR OCEAN,191100
-119.19,34.16,34,2610,466.0,1543,433,3.9722,NEAR OCEAN,189000
-119.19,34.16,35,2733,510.0,1814,511,4.4187,NEAR OCEAN,183400
-119.2,34.18,22,6465,1397.0,2694,1370,2.9832,NEAR OCEAN,165600
-119.19,34.15,31,4175,1004.0,3310,954,3.1989,NEAR OCEAN,185400
-119.2,34.15,27,2076,681.0,1904,647,1.4773,NEAR OCEAN,160800
-119.18,34.16,12,460,101.0,405,103,5.2783,NEAR OCEAN,167400
-119.18,34.16,27,1832,415.0,1480,414,3.9643,NEAR OCEAN,186000
-119.18,34.15,22,4769,1366.0,5534,1318,2.4167,NEAR OCEAN,192000
-119.17,34.16,17,5276,1020.0,4066,984,4.5828,NEAR OCEAN,205400
-119.17,34.15,18,2509,688.0,3129,677,2.6098,NEAR OCEAN,146100
-119.13,34.19,16,6389,1330.0,6242,1340,4.0222,NEAR OCEAN,206800
-119.15,34.17,22,1612,334.0,1431,335,4.8125,NEAR OCEAN,194400
-119.14,34.17,16,1593,353.0,836,357,2.7260000000000004,NEAR OCEAN,67500
-119.17,34.19,28,1444,508.0,2145,437,1.6964,NEAR OCEAN,175000
-119.16,34.15,23,3204,644.0,2295,614,3.9485,NEAR OCEAN,196600
-119.15,34.17,23,2239,537.0,784,497,1.6038,NEAR OCEAN,194300
-119.15,34.2,25,3445,898.0,5558,894,3.0972,NEAR OCEAN,169300
-119.17,34.25,15,1329,282.0,1001,284,3.65,NEAR OCEAN,189300
-119.15,34.25,36,3511,664.0,2965,695,4.0878,NEAR OCEAN,186800
-119.12,34.23,35,2028,554.0,2252,521,2.4643,NEAR OCEAN,182000
-119.12,34.25,31,737,146.0,1436,168,3.5625,NEAR OCEAN,194100
-119.08,34.17,32,166,22.0,63,29,7.3004,NEAR OCEAN,125000
-119.09,34.22,8,40,10.0,309,16,4.0208,NEAR OCEAN,52500
